itemid,datasetid,hasbird
00053d90-e4b9-4045-a2f1-f39efc90cfa9,BirdVox-DCASE-20k,1
000db435-a40f-4ad9-a74e-d1af284d2c44,BirdVox-DCASE-20k,0
001059c0-e04f-42fc-a8e2-11aad24dc6fb,BirdVox-DCASE-20k,1
00106202-f61e-467d-a80f-070d90421952,BirdVox-DCASE-20k,0
00129593-77ca-40b2-a512-75d178071250,BirdVox-DCASE-20k,0
00143c1f-bcac-47f6-a83d-81b2975ccca3,BirdVox-DCASE-20k,0
00160fdf-5231-461b-acd7-1db41abf3ee5,BirdVox-DCASE-20k,1
00162d26-57e6-4924-a247-5f58963f1403,BirdVox-DCASE-20k,0
001ac3fe-c23a-4366-a16d-8d59f021b17e,BirdVox-DCASE-20k,0
001ac895-0e9c-41d8-a76c-65c73c4a8d11,BirdVox-DCASE-20k,0
001b8d8a-4247-4c46-a11b-b868fa3edb0a,BirdVox-DCASE-20k,1
001d5212-6378-4a5d-aa3c-b1115d02ee79,BirdVox-DCASE-20k,1
00246270-9f15-4da5-ab79-6af92f56cf5b,BirdVox-DCASE-20k,1
0029b258-932f-4173-a4ae-82f2d58c1eee,BirdVox-DCASE-20k,1
00367f8b-18e4-48f3-ad60-f2ce73856150,BirdVox-DCASE-20k,1
0037f1c8-2a40-4bb6-a6a5-04bfb65566a3,BirdVox-DCASE-20k,0
0039d051-6d86-4e2f-ac60-6c41e71b9176,BirdVox-DCASE-20k,1
004c09d5-3054-4832-acb0-4ff15be8a855,BirdVox-DCASE-20k,0
0051c651-80d9-4204-abbb-359aed40a9a0,BirdVox-DCASE-20k,1
0055615b-c316-43d7-a789-a0f6c2983081,BirdVox-DCASE-20k,1
005a19d0-e868-41c5-ab87-3fdaf5040a57,BirdVox-DCASE-20k,1
005af2de-a46f-41a1-a6c1-f5b5766e967f,BirdVox-DCASE-20k,0
005fbf9f-4cc8-4f76-a161-61127c44cc8d,BirdVox-DCASE-20k,0
006d7153-e674-4a70-aa0c-8f4c501e826c,BirdVox-DCASE-20k,0
00709843-7511-4a0b-a70f-28ce0325eeb4,BirdVox-DCASE-20k,0
00754d71-378f-4458-aada-9f2ee70a3de0,BirdVox-DCASE-20k,0
00766712-3eca-48c3-acb2-f4ceeaefe746,BirdVox-DCASE-20k,1
007d2215-0de2-4bd5-a02a-f08e1001202c,BirdVox-DCASE-20k,0
00837ab5-0ce0-4448-af39-a56d95be35bf,BirdVox-DCASE-20k,0
0084db44-5651-4e1e-a696-c3a7e5d255b1,BirdVox-DCASE-20k,1
0086ef15-537a-4682-a173-7757b0da6f5a,BirdVox-DCASE-20k,1
008d8612-f008-4a75-a9d4-e8292c8588cf,BirdVox-DCASE-20k,1
00931231-b401-477e-aa0d-39081bb8583d,BirdVox-DCASE-20k,0
0095af1d-5cb1-4859-a7c7-d1bed922deb4,BirdVox-DCASE-20k,1
00960c0b-16e5-4a5b-a5e7-ac1fef8f488f,BirdVox-DCASE-20k,1
00a76d1a-d12b-411e-a4ca-61720d79aaba,BirdVox-DCASE-20k,0
00a992ec-9032-4707-a96d-9d40e9ea95a2,BirdVox-DCASE-20k,1
00adbc49-77ef-4b7e-a453-cbb4ee011e11,BirdVox-DCASE-20k,1
00b34f64-a7b9-4ff4-af4e-fc78174ed8d9,BirdVox-DCASE-20k,1
00ba1da0-5a5d-48db-a550-c0bf16f55d95,BirdVox-DCASE-20k,0
00c183b5-9207-43ec-a8ea-0aca76d1c8f5,BirdVox-DCASE-20k,0
00c42a94-e493-45ce-ab97-aebf9c924ee6,BirdVox-DCASE-20k,0
00c5a908-78d6-4474-a3bc-8f958d9aced8,BirdVox-DCASE-20k,0
00c9e51a-c39b-4e8a-a796-efe78403c484,BirdVox-DCASE-20k,1
00ca0484-3d4d-4e0d-a5c5-b0386f1f506c,BirdVox-DCASE-20k,0
00caefa6-4262-4769-ac5c-3c08b7722b55,BirdVox-DCASE-20k,1
00cb94c4-f8c0-444c-ad2f-2c22cd904835,BirdVox-DCASE-20k,1
00ce0b96-f45d-42b2-ad9f-891fa05782fc,BirdVox-DCASE-20k,0
00ce209b-e9fd-4e88-afe5-9f57c5b4519b,BirdVox-DCASE-20k,1
00cff0c3-7b4f-4d2a-afa1-3639e7245596,BirdVox-DCASE-20k,0
00d5a461-fbe0-42e5-aaf9-7c34f01f718f,BirdVox-DCASE-20k,0
00d73f6f-95a4-483a-a6c0-de609feb475e,BirdVox-DCASE-20k,0
00de6682-21b7-4faf-acb1-8d8e74db7041,BirdVox-DCASE-20k,1
00e0f761-2b59-471c-a4d2-0e8a1fa48e5e,BirdVox-DCASE-20k,1
00e46df2-78ec-40ef-a9bc-b7a80b950fb4,BirdVox-DCASE-20k,1
00e4e423-df29-4bf3-aeda-679f5da114b5,BirdVox-DCASE-20k,1
00e9b15d-f9ef-44aa-a000-c0ccc46e9c1d,BirdVox-DCASE-20k,1
00ecb65d-d409-4424-a5b2-4a20d50d4eb9,BirdVox-DCASE-20k,0
00ed29fb-b67f-4ac6-ae04-82569cf11846,BirdVox-DCASE-20k,1
00ede249-247b-44a2-a591-2b5c4ed86c2b,BirdVox-DCASE-20k,1
00ee679d-d875-4e11-a04d-ab824161bfb8,BirdVox-DCASE-20k,1
00f90ab8-1dc9-49a3-aa49-b94b3bd87f90,BirdVox-DCASE-20k,1
00fc872d-26d3-4c2f-a3af-a814577bed48,BirdVox-DCASE-20k,1
0102d453-5851-49d5-a010-e1b1ff32bd5f,BirdVox-DCASE-20k,1
0105d5b8-06f7-49f1-a127-dfa87a40ccbb,BirdVox-DCASE-20k,0
0107624f-fb79-4cbf-a8d7-9e812c553261,BirdVox-DCASE-20k,1
010788b0-b062-4e81-a5c0-c048b82ceb0f,BirdVox-DCASE-20k,0
010f60eb-e4b6-4209-a575-53d352ee3bdb,BirdVox-DCASE-20k,0
01135a1d-f141-4b21-a78c-dc664ca2ce79,BirdVox-DCASE-20k,1
0120cd9c-6ccb-4cc6-ad80-ee4bf3a2d6b0,BirdVox-DCASE-20k,0
0122de6e-a886-445e-a215-ebdbdf5f8f2f,BirdVox-DCASE-20k,1
0126f2fc-aa9c-429a-a354-c9a6b395e7e2,BirdVox-DCASE-20k,0
0129c038-c6ed-463b-a6cb-0e47a00d97df,BirdVox-DCASE-20k,0
012f7ebc-2c86-4775-a005-0e1866f84fd0,BirdVox-DCASE-20k,1
0131735c-cabf-44ea-a499-ce9e492ddc9b,BirdVox-DCASE-20k,1
01355f76-ca4b-4248-a48f-82470c7050bf,BirdVox-DCASE-20k,0
013df410-423a-43cf-a7e3-5992b428e5b4,BirdVox-DCASE-20k,0
01405393-27da-44ec-a98f-5fa662894bf8,BirdVox-DCASE-20k,0
0141328a-b8da-4ee3-ab4b-9a28eb4b537b,BirdVox-DCASE-20k,0
014210c3-f77f-48e7-a766-e3421bd316be,BirdVox-DCASE-20k,1
014a02c9-0fd4-4d13-a98b-82ce03e817c8,BirdVox-DCASE-20k,0
014f5b0a-94bf-4e31-a187-dfa15ba98678,BirdVox-DCASE-20k,0
01512f0c-9825-44e4-ad14-41e70b5a84d4,BirdVox-DCASE-20k,1
0151db67-5cf5-4a5c-a513-a4036e76a272,BirdVox-DCASE-20k,0
015578c9-7f19-4c38-ab70-99ee57275ec6,BirdVox-DCASE-20k,1
0159a0dd-db6a-429b-a915-fa76fe7030dc,BirdVox-DCASE-20k,1
015e1385-bf6d-4b95-a338-91db91a89420,BirdVox-DCASE-20k,1
01618924-2a23-4391-ac54-dd5de78ccfef,BirdVox-DCASE-20k,0
0163ae9e-1c4f-46c9-a90b-d874a0501ec7,BirdVox-DCASE-20k,0
01693014-65b1-4b49-a3e3-a40449b3c7cd,BirdVox-DCASE-20k,1
016add4a-0b49-4c9d-a4ce-80862a29b333,BirdVox-DCASE-20k,1
016d8c10-1fe8-41f3-a45c-b69935494d0d,BirdVox-DCASE-20k,0
016f1741-6220-4886-a6c8-15538af07051,BirdVox-DCASE-20k,1
0170499b-7122-4d78-abbe-d8f909bbd9b6,BirdVox-DCASE-20k,0
01711d16-01c4-4833-ae91-ce8336d7e492,BirdVox-DCASE-20k,0
01745873-e44d-46ee-a988-19976eda7ac3,BirdVox-DCASE-20k,1
01751616-d0cd-428e-a81a-1d983a7cd933,BirdVox-DCASE-20k,1
0176fe69-8412-41ad-a3e1-eaa8c877c774,BirdVox-DCASE-20k,1
01786ec0-eb15-409d-a0c2-5da0ab45a8a5,BirdVox-DCASE-20k,0
0179aef1-7666-4b80-a855-f9e12a6d3162,BirdVox-DCASE-20k,0
017afd97-ba17-4e1f-a0a3-3ab74bd4ccfe,BirdVox-DCASE-20k,0
017bb471-4b60-4867-aa30-9bdaab1be8c7,BirdVox-DCASE-20k,1
017df88f-d3c5-4210-a2f9-f5a3dbf4b04e,BirdVox-DCASE-20k,1
017e9f18-9eb5-477b-ab5d-530db0c1c138,BirdVox-DCASE-20k,1
0181ed00-40ce-4e47-ad14-062802ea529f,BirdVox-DCASE-20k,1
0186d932-2812-4185-ae9e-940d395e1fbb,BirdVox-DCASE-20k,1
0186e5c1-91a9-44b6-a784-945e1739a94a,BirdVox-DCASE-20k,1
0190e3d2-12d8-4f8b-a7e9-4ebfd449fd2e,BirdVox-DCASE-20k,1
01945e17-524f-47bf-ab50-7f3e07489751,BirdVox-DCASE-20k,0
0198ab29-5b04-4012-a203-c47b23a22f8e,BirdVox-DCASE-20k,1
01a3a6ac-47a3-4dcc-a1eb-190b6dde9906,BirdVox-DCASE-20k,0
01a3cafb-09a9-4943-a0a0-31ad1caf169f,BirdVox-DCASE-20k,0
01a500f7-48ae-4076-a7b6-1dd646fb4be6,BirdVox-DCASE-20k,1
01a9ba91-49b2-4b97-aac3-b73977127c19,BirdVox-DCASE-20k,1
01aa78ae-58b2-4670-a58e-924aa9176f7e,BirdVox-DCASE-20k,1
01aaa621-b6a2-4b8f-a9f7-b3ff82077376,BirdVox-DCASE-20k,1
01ad45ae-109d-4a67-adf1-f19ebd1a9cfe,BirdVox-DCASE-20k,0
01ad791f-37be-44e4-a7cc-9b9fe7227aad,BirdVox-DCASE-20k,1
01af74a6-e5fa-4d0c-a0e4-f232e57b070b,BirdVox-DCASE-20k,1
01b3e468-5a9f-4581-a3cd-9e05a7790bf2,BirdVox-DCASE-20k,1
01b5c9e8-c137-4bd1-a9fd-b73080ab865a,BirdVox-DCASE-20k,0
01bae125-85f8-4153-a54d-79f34629a071,BirdVox-DCASE-20k,1
01bba446-2218-4109-a72c-8164395e6995,BirdVox-DCASE-20k,1
01c47248-128a-40b2-aaf9-172dd1835205,BirdVox-DCASE-20k,0
01c80b75-a61f-403e-a0a9-684db91ede05,BirdVox-DCASE-20k,1
01ca5b75-330e-47a1-a074-62a138504941,BirdVox-DCASE-20k,1
01caf5d1-d11c-4d38-abe8-efdf9225f2f1,BirdVox-DCASE-20k,0
01ccea32-0a6a-4669-a3de-82ca8e1ada0f,BirdVox-DCASE-20k,1
01d0e25d-420e-40cb-ab67-2b471668266a,BirdVox-DCASE-20k,1
01d4ba1e-5269-49bf-abe5-40637354491a,BirdVox-DCASE-20k,0
01db7396-5a7a-43c6-a348-88c6768ae248,BirdVox-DCASE-20k,0
01e0b7ab-c702-483d-a94d-103dbc12323d,BirdVox-DCASE-20k,0
01e3a27a-f285-4947-a6e8-ba43c293d48b,BirdVox-DCASE-20k,0
01e4ace6-6019-42fd-a6ea-b766a0fa32ac,BirdVox-DCASE-20k,0
01e7924c-5136-4449-ab02-c69f2899b3cb,BirdVox-DCASE-20k,0
01e9653a-7c02-46f7-af63-12c221178862,BirdVox-DCASE-20k,1
01f09021-359a-4664-a5e6-edec939c3a5e,BirdVox-DCASE-20k,1
01f2f19a-ee57-4c71-a94f-624fcdb16b7f,BirdVox-DCASE-20k,0
01f60413-085f-4813-a768-f7abd864f9e4,BirdVox-DCASE-20k,1
01f7df22-255f-40e0-ad1b-3fd1ed3e3059,BirdVox-DCASE-20k,1
01f8013d-fb8f-4357-a9ed-8d10ba610730,BirdVox-DCASE-20k,1
01f8b105-cd0b-4aa1-a428-700fc86dd533,BirdVox-DCASE-20k,0
01f94be9-4fab-4d05-ac0e-be31191d6253,BirdVox-DCASE-20k,0
01fe62bd-4f33-4a35-aad8-c859b8bda6e0,BirdVox-DCASE-20k,1
0203f2ad-d795-46c4-a0b4-94ffd13b4cb7,BirdVox-DCASE-20k,0
0206b22d-49f3-4ab0-a28c-81a842fa68ea,BirdVox-DCASE-20k,1
0209acd2-5f28-4684-aed2-62145606a6ef,BirdVox-DCASE-20k,1
0214017f-79ee-411a-ac2d-6404460ab27b,BirdVox-DCASE-20k,1
021ba046-6a00-4962-a57a-2e7a25f7abbe,BirdVox-DCASE-20k,0
02208789-df40-41eb-ad2d-b41b1f7c9ad6,BirdVox-DCASE-20k,1
022386be-6f20-42c2-aafd-a9b0b0d27590,BirdVox-DCASE-20k,1
022631dd-dfff-4a11-a453-ecc41720abb0,BirdVox-DCASE-20k,1
022804c2-da2a-4663-a098-7e843cdfd284,BirdVox-DCASE-20k,1
022a32e7-88c6-4aeb-a481-09c66bd2da3b,BirdVox-DCASE-20k,0
022d30bf-c97c-4cce-abbb-659e44d39e66,BirdVox-DCASE-20k,1
022d6842-78e7-448e-a5d3-e55b8c13605e,BirdVox-DCASE-20k,1
022f2c07-dc46-4f0c-ad4b-4a77f88afa7b,BirdVox-DCASE-20k,1
02384825-d874-4190-a722-fe55af83c48f,BirdVox-DCASE-20k,1
02393e16-0188-4aaa-a9fd-d293f53f8681,BirdVox-DCASE-20k,0
023b7c92-cdca-4290-acd0-ab0f712a76e8,BirdVox-DCASE-20k,0
023e2f04-94fa-4137-ae18-5e065c77ee2d,BirdVox-DCASE-20k,0
023fb6c5-7497-4f2c-adea-e6140531e8a9,BirdVox-DCASE-20k,0
0242271e-7b4a-454d-a21a-9a3b27d5607d,BirdVox-DCASE-20k,1
024278df-d8b6-4ae1-a1c4-dd0138db4fcd,BirdVox-DCASE-20k,0
024620df-5a80-4376-afac-ca3f29ce103f,BirdVox-DCASE-20k,1
0247dea4-6599-498b-a947-a5d8ccd462bf,BirdVox-DCASE-20k,1
0247e2af-03f8-49d3-a350-c85608ffa60d,BirdVox-DCASE-20k,0
024a895c-e99d-4699-adb9-538cda9ea48c,BirdVox-DCASE-20k,1
024aebf9-3685-4328-ab7b-dc31f71bd2d1,BirdVox-DCASE-20k,1
024bb492-c465-4b74-a2fe-2c5d0b6d7ee2,BirdVox-DCASE-20k,0
024c381c-62e4-4dea-a95d-aee7d2041610,BirdVox-DCASE-20k,1
024c99b7-643c-4c6c-ad09-d40d3db10a8f,BirdVox-DCASE-20k,0
024da7cd-8aab-4faf-ab95-398061a3cbdc,BirdVox-DCASE-20k,1
024e28aa-95b8-4448-a4ef-ac20ca0178e4,BirdVox-DCASE-20k,1
024e589f-7b24-4346-aeb0-5881b9eb30bc,BirdVox-DCASE-20k,0
025705af-681d-4386-a231-f17e7faf19de,BirdVox-DCASE-20k,0
02594577-7644-402f-a4c3-d920831dcc0e,BirdVox-DCASE-20k,0
02594892-b9af-4164-a809-2dddae017999,BirdVox-DCASE-20k,0
025bc8ad-5765-44cb-a2cf-8f5bd549fd78,BirdVox-DCASE-20k,1
025dd77c-7de0-4106-a15a-d1fc3750d527,BirdVox-DCASE-20k,1
025ea196-b222-4a1a-a102-473fe78af7c8,BirdVox-DCASE-20k,1
026069c4-d766-4480-a309-5af926d583cd,BirdVox-DCASE-20k,1
026083c9-30a9-49f7-a4e8-efd3c9529788,BirdVox-DCASE-20k,0
02610276-d5eb-41f8-a965-59d0b39c7d5c,BirdVox-DCASE-20k,1
02616f56-a8d2-4cb8-a45a-412e42015fd8,BirdVox-DCASE-20k,0
0262a8c1-bf11-4030-adc8-80c2c407f513,BirdVox-DCASE-20k,1
026364c0-27c6-48dc-ae27-2e53a1663cd8,BirdVox-DCASE-20k,0
0264bd65-f677-4dbe-a6c9-aad78d91dd3c,BirdVox-DCASE-20k,1
026b77a7-bc2f-4ad5-adaf-c5d75865b874,BirdVox-DCASE-20k,1
026f5c6d-77a5-4662-a12f-6b3b6497c11b,BirdVox-DCASE-20k,1
02736bcb-97d6-4132-a1c2-39b5b37cbcde,BirdVox-DCASE-20k,0
0276a28a-c017-4e51-a924-133b5f7feb40,BirdVox-DCASE-20k,0
028881eb-2c22-4ec6-a44b-72f4f79aca68,BirdVox-DCASE-20k,1
028c478e-c92c-4c71-a176-cafbf5004521,BirdVox-DCASE-20k,0
029077bc-20ce-4fd4-a47c-cf2e80bc093a,BirdVox-DCASE-20k,0
0290e67d-8e1f-4fd2-a342-8e7d2296968c,BirdVox-DCASE-20k,0
0290ef92-7fa9-4e4a-a547-3287dbe3d006,BirdVox-DCASE-20k,1
02947c39-ea11-46a3-a93d-69317971b72c,BirdVox-DCASE-20k,0
0295b3a6-df17-48ca-a0d0-aabd1904938c,BirdVox-DCASE-20k,1
029838f5-cf7d-4534-a460-2b7f1b88a5db,BirdVox-DCASE-20k,0
029cb317-190a-4fee-a800-3daeb18630c6,BirdVox-DCASE-20k,1
029e5492-9d08-4474-ab81-0f9358eed497,BirdVox-DCASE-20k,1
029e6621-840e-4cbd-a9ab-f22caa8d6191,BirdVox-DCASE-20k,0
02a5d2cf-abae-4932-a7b5-ff1f4a93ac0d,BirdVox-DCASE-20k,0
02aa32dd-68d9-4aa7-a315-a7bf2c587f20,BirdVox-DCASE-20k,1
02afb1b0-9499-4d5f-a30c-717b9c060140,BirdVox-DCASE-20k,1
02b077ea-4184-4f68-a019-ee1da3c83101,BirdVox-DCASE-20k,1
02b732b7-5afd-49e7-a247-84dc794c8219,BirdVox-DCASE-20k,1
02b77770-1c87-4d71-a8ef-208c9cf2264c,BirdVox-DCASE-20k,1
02b7ba95-be64-4e61-ad90-d12b2caa7d98,BirdVox-DCASE-20k,0
02c5c396-53d3-44c8-a521-b088e8cec181,BirdVox-DCASE-20k,0
02ce5785-95db-4bb4-a940-8d7339e30e3a,BirdVox-DCASE-20k,0
02d15e14-7da7-4c9d-aabe-498f9fb41990,BirdVox-DCASE-20k,1
02d1f460-2029-4b10-ad33-bfaf631ce1e4,BirdVox-DCASE-20k,1
02d2839e-d0bf-4d51-aa64-746d5118f4de,BirdVox-DCASE-20k,0
02d6caf1-dc23-43e7-a2ff-168172f588e7,BirdVox-DCASE-20k,1
02d8a233-f4ea-480c-a68b-dfed5a8cfaac,BirdVox-DCASE-20k,0
02e3ad09-e619-4d19-ac66-d592791b803b,BirdVox-DCASE-20k,1
02e65503-47db-444d-a863-bbc99a1925b5,BirdVox-DCASE-20k,1
02e812ef-ac67-44ab-a3e3-9b90b450016c,BirdVox-DCASE-20k,0
02ea50eb-6272-42aa-adcf-794426fb0e11,BirdVox-DCASE-20k,0
02efa3e5-761e-4f88-a706-fe7c085217df,BirdVox-DCASE-20k,1
02f5c74e-eb4c-46d4-ac6c-389b4a1d6aaa,BirdVox-DCASE-20k,1
02fdcb90-bb24-421d-ad56-4aadb0b24922,BirdVox-DCASE-20k,1
030082bd-fb15-4bb7-a23a-ebb7bdeac512,BirdVox-DCASE-20k,0
0304d450-c8a3-4cd8-a870-4c203fee4650,BirdVox-DCASE-20k,1
0309561a-c0e1-45dc-ad5b-24f225a97c47,BirdVox-DCASE-20k,0
030d01e4-5154-43f9-ab8f-ed7bd2401c1f,BirdVox-DCASE-20k,0
03118daf-daeb-4506-a3fe-4b904e4e1844,BirdVox-DCASE-20k,0
0313a832-44e0-4dd0-ab1d-7364254b4dcd,BirdVox-DCASE-20k,0
03172d4b-b5ea-4d31-a23b-07bfda337918,BirdVox-DCASE-20k,1
032014e7-78e2-4ae9-aa3d-22c63944c08b,BirdVox-DCASE-20k,1
0321f2d0-c206-455a-af5d-dc78b2d2a85d,BirdVox-DCASE-20k,0
03236a83-cce4-4d28-a76e-06c042cb069b,BirdVox-DCASE-20k,1
0328bfb5-9da6-478e-a955-0e3b7d861926,BirdVox-DCASE-20k,1
032a668c-ac44-4d9d-a5c4-2672ceb34114,BirdVox-DCASE-20k,0
0331c2dd-6cd1-41fc-a6f1-34f0a25e6fa9,BirdVox-DCASE-20k,0
03391fa6-1176-40db-ac40-25a8bcdfae75,BirdVox-DCASE-20k,1
033dfd0c-9af0-4d28-acf4-106c5593c19d,BirdVox-DCASE-20k,1
033fdbd4-5a0e-4367-a90e-9c4a98bf69d5,BirdVox-DCASE-20k,1
0340e500-199c-4709-a5d3-2951567e892e,BirdVox-DCASE-20k,0
0341204c-4e21-4f7b-a935-3807b59eccc0,BirdVox-DCASE-20k,0
034aad41-dd77-4cc0-a83b-c7f215d259a3,BirdVox-DCASE-20k,0
034ff372-4f55-412b-a131-c0d9c483081b,BirdVox-DCASE-20k,1
0351bbaa-ad12-42ee-af4c-c2177a0ba221,BirdVox-DCASE-20k,0
03529dfe-a6f5-4906-a2c1-d20e389f6ca5,BirdVox-DCASE-20k,0
0352cedd-eb1e-4d3b-ad0c-6f314f2ba302,BirdVox-DCASE-20k,1
0352e583-e0d3-44b9-abbb-e0f6887d1c25,BirdVox-DCASE-20k,1
0355809f-3f08-479e-a90f-63b8a3a616d5,BirdVox-DCASE-20k,0
035b5986-f3a4-4898-a03e-18a8bbfe13c5,BirdVox-DCASE-20k,0
0365dab2-6c95-4aeb-a33b-5269f57a8bda,BirdVox-DCASE-20k,0
0365f3b1-2cde-4a7e-aad3-01132c309ddf,BirdVox-DCASE-20k,0
036e5b59-1ced-4ea0-a43b-7f14ee7230dd,BirdVox-DCASE-20k,1
03706617-60df-48d7-a48b-49610455584c,BirdVox-DCASE-20k,0
037101a4-a6cf-41f4-a174-404bd9e0057d,BirdVox-DCASE-20k,1
03720167-cb6a-4718-ad23-f94f09ad046f,BirdVox-DCASE-20k,0
03756e85-35c6-47bc-aacb-76f4ed120adb,BirdVox-DCASE-20k,1
0379a066-a51a-43a5-a5e5-4bfae66b5cc8,BirdVox-DCASE-20k,1
0379bcdf-c3a7-4a8a-a56e-f52562b26ce1,BirdVox-DCASE-20k,1
037ccfd2-2a41-4530-a279-989591c0b3e0,BirdVox-DCASE-20k,0
03815b12-1602-4d74-a262-582a820db838,BirdVox-DCASE-20k,0
0386509f-385a-48c2-a283-d7b90ac1b44f,BirdVox-DCASE-20k,1
038d5ab0-ff6a-4aff-a06f-12b2fcf081a7,BirdVox-DCASE-20k,0
039072cd-b3aa-48d1-a147-769c09c3b501,BirdVox-DCASE-20k,1
0390ad4a-c0ec-4746-a17e-6cc4a81e6245,BirdVox-DCASE-20k,0
03948e9a-72e3-4483-a1dd-ccb5a9df4d58,BirdVox-DCASE-20k,1
039a1d8e-0203-46f6-aed4-ea59e82e854b,BirdVox-DCASE-20k,0
039d46c0-685a-4ca2-a7d8-66d86d076b74,BirdVox-DCASE-20k,0
039f8835-659b-4e4a-a673-7ab8c2d4432e,BirdVox-DCASE-20k,0
03a06778-92c4-46e9-a159-47a5d45d40b2,BirdVox-DCASE-20k,0
03a23785-10d1-4ced-a298-248c09a894c8,BirdVox-DCASE-20k,0
03a8f658-1d44-4c02-a91d-05806b1e9e5c,BirdVox-DCASE-20k,0
03aa058e-7a6f-438f-acc5-174a7b5337e3,BirdVox-DCASE-20k,0
03ab6770-0e09-498d-a1db-fbb70f0a862a,BirdVox-DCASE-20k,0
03afecc7-2448-4e83-ac63-8df228914f52,BirdVox-DCASE-20k,0
03b31342-983f-47f5-abc5-3937c9b22acc,BirdVox-DCASE-20k,1
03c29e68-c1d5-47d1-a366-dd94f12daa1c,BirdVox-DCASE-20k,1
03c8a8fc-f13d-4596-a285-49847b934f41,BirdVox-DCASE-20k,0
03c920e0-0bab-45e7-ab6c-16b78fc14c8d,BirdVox-DCASE-20k,0
03c99a51-6fe0-49ee-a41d-5a1acd491fbd,BirdVox-DCASE-20k,1
03ceeb69-03a3-4eb1-aa64-c6643b2b806d,BirdVox-DCASE-20k,0
03cfab04-c586-4510-a4d3-0119a8d6a3c0,BirdVox-DCASE-20k,0
03d9bced-07b0-4a1a-a6a4-8daecea4127e,BirdVox-DCASE-20k,0
03dec452-eeda-4ebf-af48-708d26791aae,BirdVox-DCASE-20k,0
03df5213-4f2e-4604-a852-5a2caee728e5,BirdVox-DCASE-20k,0
03e1dfe9-54e6-4c9e-aa83-f0c307851a7d,BirdVox-DCASE-20k,1
03e209a0-e3d0-4722-a9f0-9f00af5753b4,BirdVox-DCASE-20k,1
03e2edde-fdb1-40aa-a954-6562061cf032,BirdVox-DCASE-20k,0
03eb7483-cb20-4e37-a8f5-ff45bc59bf6c,BirdVox-DCASE-20k,0
03f50fb6-bad7-42cf-afe2-b970dd6bd54f,BirdVox-DCASE-20k,1
03f63f4b-fae1-45c7-aa74-3da0b9745ea0,BirdVox-DCASE-20k,0
03fe2618-ffc0-4db2-afb3-5efe9e721df5,BirdVox-DCASE-20k,1
03fe3b7a-eb3c-4081-a344-3636b8fdc1a2,BirdVox-DCASE-20k,1
03ff9e81-b585-4fa7-ac4e-174068465bdd,BirdVox-DCASE-20k,0
03ffcad2-0023-4937-a286-c2d985af44fc,BirdVox-DCASE-20k,0
04029e3d-f38d-4732-a4f3-ed7d9a5ecce0,BirdVox-DCASE-20k,0
04068c08-d8f1-4cdc-a99d-f653dc8015e3,BirdVox-DCASE-20k,0
040a2831-5cd5-4457-af2d-8b55b6609aa0,BirdVox-DCASE-20k,0
040be843-3802-4ad9-a6e0-696cb61b932d,BirdVox-DCASE-20k,1
040ea8cb-bd0f-47e9-a7bd-a2e5ecc9f126,BirdVox-DCASE-20k,0
0410e099-9dbf-4a4b-a40d-569ba7b0f2c1,BirdVox-DCASE-20k,1
04177019-af03-49d7-a9fa-f472a46bbd34,BirdVox-DCASE-20k,1
0417c247-3615-44f5-a9da-9b03ca9846f8,BirdVox-DCASE-20k,0
04185f35-9ce3-418a-ae2c-85d00258aa41,BirdVox-DCASE-20k,0
041a5849-61c6-4de6-a2f4-06291395a89f,BirdVox-DCASE-20k,1
0421f86e-1e01-4f1e-ad7e-b2cafcf88760,BirdVox-DCASE-20k,0
042338b8-a11f-497f-ae2d-2feeb8a98084,BirdVox-DCASE-20k,1
0424ae86-dfe3-4d94-ab7a-0ed0afaf6c6f,BirdVox-DCASE-20k,1
0425a528-455c-49d1-ae10-0730ca2fc8dc,BirdVox-DCASE-20k,0
04272b1e-b7ca-4b0e-a480-2a3c4746a871,BirdVox-DCASE-20k,0
042991e9-4caa-40eb-aa6a-fe06d49897b7,BirdVox-DCASE-20k,1
042a42fa-a9f8-4334-a327-1e9b5a50c18f,BirdVox-DCASE-20k,0
0432253e-ec99-4dc7-a058-fdf689f53302,BirdVox-DCASE-20k,1
0437fb88-8f83-482e-abf5-73f5a2d88606,BirdVox-DCASE-20k,0
044371d8-398e-4930-aeec-c5e39eb8dd36,BirdVox-DCASE-20k,1
0443ca1e-bd52-41f8-abea-fc9bdc115f79,BirdVox-DCASE-20k,1
0443ee80-e60d-4017-ac59-706ac78d16be,BirdVox-DCASE-20k,1
04459b7a-e1cb-49f4-a42a-58634f390863,BirdVox-DCASE-20k,1
0446eaec-5bfc-4334-a718-f350b972adf3,BirdVox-DCASE-20k,0
044b2a7e-f164-4c8d-a983-dd85f102d0fd,BirdVox-DCASE-20k,1
044dc123-c17c-418e-a73b-08d657d78008,BirdVox-DCASE-20k,1
044fbced-0860-4d3e-a61b-049fb665e0a3,BirdVox-DCASE-20k,0
04534410-9594-454b-ac1a-c4b7253a8980,BirdVox-DCASE-20k,0
04546409-9f18-447e-a57d-27f664f9056c,BirdVox-DCASE-20k,1
04748889-3528-402f-a0b0-11f06b55e0c5,BirdVox-DCASE-20k,1
0474c735-2aed-45a0-a1fb-4cb2e2e52a13,BirdVox-DCASE-20k,1
04804017-cd19-4914-aec2-1fe65e9f8496,BirdVox-DCASE-20k,0
048aaead-bb53-4ee8-a685-525a222a63aa,BirdVox-DCASE-20k,1
048ef75d-aa75-4453-a3c7-8fc977edc885,BirdVox-DCASE-20k,1
048f30b0-16e3-4498-ac68-53fdc2e3d14b,BirdVox-DCASE-20k,1
049131d7-b03e-43b7-a325-cb1666b6a191,BirdVox-DCASE-20k,0
0494bada-cb8a-402e-afcd-2f4ec6e715d7,BirdVox-DCASE-20k,1
0496027d-9ea8-430d-af2b-272dfdf7fd7c,BirdVox-DCASE-20k,1
049682c8-073b-4e73-aab0-1db4f8fad1c6,BirdVox-DCASE-20k,0
0496e958-8c0e-4172-a741-643a2308c274,BirdVox-DCASE-20k,0
0498b2d4-d072-4eba-a93c-faf40b2e01a8,BirdVox-DCASE-20k,1
04a36da9-77b0-42be-ab5b-549fa426011d,BirdVox-DCASE-20k,1
04a372d0-7c5c-493f-a435-ee50d0399e83,BirdVox-DCASE-20k,1
04a78c01-44c8-4bed-a900-d7d6ffc32b82,BirdVox-DCASE-20k,1
04a7f4eb-0943-41b1-aedd-ac4dd49f2484,BirdVox-DCASE-20k,0
04aaf3f2-6a90-4035-a150-b59afdb975dc,BirdVox-DCASE-20k,0
04ae1f04-6269-4efa-a0ec-dc4f63a2095e,BirdVox-DCASE-20k,1
04b49a1e-9fea-47e9-a615-c0d9c944c36c,BirdVox-DCASE-20k,1
04b4e1d9-bd58-47b4-a430-1fd551ab5088,BirdVox-DCASE-20k,0
04b7489d-c540-401b-ae87-aa64ad897ba6,BirdVox-DCASE-20k,0
04b9793b-06ef-488a-ad8a-11c9cc30acb9,BirdVox-DCASE-20k,1
04b9ca00-5df2-4ac8-a22a-e1c45bd8c1cb,BirdVox-DCASE-20k,1
04ba6e00-debd-4fd4-abd6-e06526bb63f4,BirdVox-DCASE-20k,0
04bb8534-7a80-455b-a813-779d2093e5d0,BirdVox-DCASE-20k,0
04bf5082-04c4-4955-ab48-4fa0dc26c4ef,BirdVox-DCASE-20k,0
04cd0530-9c2d-4a8c-a2b9-dda09a7f6e94,BirdVox-DCASE-20k,1
04cee3b9-9bbd-4553-a691-b21cf54fbc37,BirdVox-DCASE-20k,1
04d6d5b3-7f90-492f-aa60-3a012c4f0b14,BirdVox-DCASE-20k,1
04d99253-420a-4576-ab95-c8e1bcfbde7b,BirdVox-DCASE-20k,0
04df622a-c8e4-440c-a4ed-dbcc0024e7c3,BirdVox-DCASE-20k,1
04dfe4e4-c0af-4478-aacf-8191f684e7ab,BirdVox-DCASE-20k,0
04e8cebc-06b6-4fe8-aec9-50cbb9adf86e,BirdVox-DCASE-20k,0
04ff34d0-c503-4f9b-a42e-ea03091cf995,BirdVox-DCASE-20k,0
04fff45a-ac1b-4e8a-aabc-5e0ee14e5d9b,BirdVox-DCASE-20k,0
0500d881-68f7-4ca3-acb0-840fb0120748,BirdVox-DCASE-20k,0
0507fbe7-b5b3-4a5f-a8bc-73c4da32174c,BirdVox-DCASE-20k,0
0509a84a-281d-4f5c-a0c4-efe0920661e6,BirdVox-DCASE-20k,0
0512f128-0de7-4a40-aac5-7ab15677936c,BirdVox-DCASE-20k,1
051c8f48-5c0a-4ac8-a3ab-0380fd6c3b69,BirdVox-DCASE-20k,0
051d153e-b639-44d6-a8ca-caf3b4b0cf87,BirdVox-DCASE-20k,0
0521a9f7-75ca-43f2-af01-2f9e5477b144,BirdVox-DCASE-20k,0
05240a95-e78e-4a81-a684-bd60d8c5ae50,BirdVox-DCASE-20k,1
053aeba2-d8cb-4bcf-a1dc-8a895a2bb70c,BirdVox-DCASE-20k,1
053c6757-710d-4d2e-aa96-f0dcff95f778,BirdVox-DCASE-20k,1
053ca4f8-d092-4e70-a4a0-afae1a55eaaf,BirdVox-DCASE-20k,0
0540583b-74f6-452e-aaf0-21dbd4467300,BirdVox-DCASE-20k,0
0541efc6-e2f5-41b1-aeae-0a17dabc45e8,BirdVox-DCASE-20k,0
05426232-acdb-4d16-afbc-727d140b554f,BirdVox-DCASE-20k,0
0542f94a-4d0e-40e4-a59b-11fa902a72e3,BirdVox-DCASE-20k,1
054313c0-7269-4921-a017-5e3cfa99a8d6,BirdVox-DCASE-20k,1
054e1d88-a66d-43d5-a9f7-08f7bb767cc6,BirdVox-DCASE-20k,0
054fc0b0-bb3b-446c-a899-cb1950e14faf,BirdVox-DCASE-20k,0
0554a525-c3d6-49d4-a4df-bb7e60b2bbbb,BirdVox-DCASE-20k,1
0559ee44-3898-4e09-ae8a-b4ee1f8734c0,BirdVox-DCASE-20k,1
055a79be-b62d-4518-ae0f-e349428d4d5b,BirdVox-DCASE-20k,0
055fc8e0-d661-40c4-ac4f-9adda3436eae,BirdVox-DCASE-20k,0
05651be2-824b-4a9f-af9c-868faea3de3b,BirdVox-DCASE-20k,0
05661bce-5bd9-4dda-a933-90917efc56c2,BirdVox-DCASE-20k,1
05677a27-6a2b-44d0-a968-1fb1e2ac2878,BirdVox-DCASE-20k,0
056841f4-7271-42a1-a63b-e0cdd7765ff2,BirdVox-DCASE-20k,0
056b489e-6572-4701-a910-0c91306b4ab2,BirdVox-DCASE-20k,0
056cbdaa-94a2-464e-aae0-b9fdee631836,BirdVox-DCASE-20k,0
056d10ce-f037-40be-a03b-77c2443efed1,BirdVox-DCASE-20k,1
056f45b5-c58e-474a-ae7e-4766daf6cad1,BirdVox-DCASE-20k,1
0571511f-1649-4973-a370-27f9b99c34c1,BirdVox-DCASE-20k,0
05718b4a-d488-44a9-a37f-a7d97c015d2a,BirdVox-DCASE-20k,0
05741edb-54d5-4014-ae99-169a9e70b049,BirdVox-DCASE-20k,0
05754fd3-0671-4f57-a988-4809ac9e3dd1,BirdVox-DCASE-20k,0
05767bbe-0117-4700-ab69-76e98de4552c,BirdVox-DCASE-20k,0
057b38fa-adb3-43bf-aa70-887e731994b0,BirdVox-DCASE-20k,0
057c3aac-de3f-48d4-ae4f-beb6389fa338,BirdVox-DCASE-20k,0
057f8dda-ccce-4b31-acb5-4a58438f5fdf,BirdVox-DCASE-20k,1
0580aa7f-7e47-48fd-a325-d1e3965afa18,BirdVox-DCASE-20k,1
05825269-59b9-47a5-a63b-086a7535e1c2,BirdVox-DCASE-20k,0
0582a252-8c3f-493f-a255-4edb2fdba58c,BirdVox-DCASE-20k,0
05852927-edc6-46f0-aff7-5061c6eea55a,BirdVox-DCASE-20k,1
0586e455-59c4-481b-a7b2-a2d67a7a3c89,BirdVox-DCASE-20k,1
058aa7fe-6ec0-4e84-a9a2-3cf4ac317b7d,BirdVox-DCASE-20k,0
058d1d45-821e-4c41-a3b4-16e4cf538255,BirdVox-DCASE-20k,0
05903293-5af5-40e1-a92b-bbe015337dc6,BirdVox-DCASE-20k,0
05a3cd06-ea25-40b4-a8f1-019c40fb730d,BirdVox-DCASE-20k,1
05af57d4-4054-4311-a536-845a96be2bf6,BirdVox-DCASE-20k,0
05af7ab6-f712-4833-a6d1-daaf63556fc5,BirdVox-DCASE-20k,0
05b446a7-adb6-4351-ad74-0987bfb56d3c,BirdVox-DCASE-20k,1
05b54f14-c1de-4c90-a685-06f10bc51516,BirdVox-DCASE-20k,0
05b58e99-7a3b-4596-a7d0-919ff71e84ca,BirdVox-DCASE-20k,1
05b8ba62-31a0-4bd6-ae44-8651a383e954,BirdVox-DCASE-20k,0
05b9397a-b335-4adf-ad49-2a0ab0a870da,BirdVox-DCASE-20k,1
05c0127c-dbb4-4672-a897-35dd23982d4c,BirdVox-DCASE-20k,1
05c0e149-ab26-493d-a5fe-49c8b7436dc7,BirdVox-DCASE-20k,0
05c32e36-8f46-42cc-a8fb-3b1025fbf07d,BirdVox-DCASE-20k,0
05c5a923-93ef-4100-a87c-3a21c3f80888,BirdVox-DCASE-20k,1
05caac33-8502-4540-a225-b42c6100ad70,BirdVox-DCASE-20k,1
05cb39f3-b452-4261-a8f1-09b78f98f196,BirdVox-DCASE-20k,1
05ce7dd5-2e97-4137-acec-2aafbd58e246,BirdVox-DCASE-20k,0
05cff210-4add-4c71-a424-814385823adf,BirdVox-DCASE-20k,0
05d921ae-5e99-4a63-a35c-f362b86ef070,BirdVox-DCASE-20k,0
05de3743-3d3c-4cf2-a5f6-3f715bafeea9,BirdVox-DCASE-20k,1
05e36666-560b-48b0-a2da-ccd222820e70,BirdVox-DCASE-20k,0
05eb9b14-b4a1-4988-a77b-2fef97fe3b83,BirdVox-DCASE-20k,0
05f337fc-f607-4b11-a7cc-1f8698cf5246,BirdVox-DCASE-20k,1
0606a2cd-5588-43de-a36d-6c841a4364cc,BirdVox-DCASE-20k,0
060aa123-11f7-46a5-ad40-92479dd35922,BirdVox-DCASE-20k,0
060def8d-7d6c-4f62-ade5-2c322474c56c,BirdVox-DCASE-20k,0
060eee3e-8891-4d7d-a64c-ad183df78f36,BirdVox-DCASE-20k,1
06114601-72f2-483f-ad5c-c2118a7f19ae,BirdVox-DCASE-20k,1
0612c5a9-32c2-4ba4-ac7b-a3512f2f7676,BirdVox-DCASE-20k,1
0614323a-4277-42f5-a254-53d147a2dda6,BirdVox-DCASE-20k,0
0619f2f4-a48a-4fdd-a20a-5255b39b81ff,BirdVox-DCASE-20k,0
061aeb8f-190c-4ef5-a0fb-e6d36b39d45d,BirdVox-DCASE-20k,1
061b80f7-8455-43d0-a81b-fc58dca53442,BirdVox-DCASE-20k,1
061c2484-5827-470a-a0a9-37cf9171d9ad,BirdVox-DCASE-20k,1
061f9754-40c4-4a6d-ab7f-667acfa97e7d,BirdVox-DCASE-20k,0
061fbe2f-e401-4ef1-a728-d01c27335719,BirdVox-DCASE-20k,1
0623d713-3ca4-4f20-a4c9-bdae95c1e8de,BirdVox-DCASE-20k,1
06245198-475b-4d5a-a490-29cb5b9eb0e0,BirdVox-DCASE-20k,0
062b3f8c-5caa-4030-a5b9-d75a080ddecc,BirdVox-DCASE-20k,0
062d2fa1-5c0a-4cdc-a9c3-1e484dd72b67,BirdVox-DCASE-20k,0
062f508f-e633-4150-acd3-76d08c491d46,BirdVox-DCASE-20k,0
063de606-c551-4c42-a209-2159b35c26cd,BirdVox-DCASE-20k,0
064561e8-3344-4dcd-a236-306225473c36,BirdVox-DCASE-20k,1
064691b3-a6a7-4002-aa1c-af33d2bb048e,BirdVox-DCASE-20k,0
064a0658-6e39-4d2c-acab-253809e78d26,BirdVox-DCASE-20k,1
064a3489-7417-4544-ab31-6be5fdc6891b,BirdVox-DCASE-20k,0
064b0bfb-4518-4c2b-ab0b-24c7cada5b68,BirdVox-DCASE-20k,1
064f3a70-8e36-47f9-ad51-4776f52710e8,BirdVox-DCASE-20k,1
0654e836-c662-438c-a928-e5822845d4c9,BirdVox-DCASE-20k,1
0655dd89-355c-4e95-a8a8-13f3df88848a,BirdVox-DCASE-20k,0
065a236c-a34d-4b58-a607-7bfe221dade1,BirdVox-DCASE-20k,1
065ba476-c63e-4d27-af7e-fa6647a5b964,BirdVox-DCASE-20k,1
065bb8b1-59e2-45fd-a714-36d5e54de1b6,BirdVox-DCASE-20k,1
065c2dd8-f71d-429a-ab6b-0c3fbb399aeb,BirdVox-DCASE-20k,0
065d4a5f-c063-4371-a4e3-d152c2be9c5a,BirdVox-DCASE-20k,0
06620c86-25d6-4156-aeaf-f946652627ac,BirdVox-DCASE-20k,0
06632abd-ed2c-4b6a-a96f-ac5bff3e0688,BirdVox-DCASE-20k,0
0663517b-ee86-49b7-a3e4-9e389ed67150,BirdVox-DCASE-20k,1
066ca4d1-8000-4fa0-a6d4-5df5d984d1c0,BirdVox-DCASE-20k,0
066ceba9-bd45-4d57-a468-055cf4554425,BirdVox-DCASE-20k,1
066d8441-9cfd-431e-a874-0ce7325aa336,BirdVox-DCASE-20k,1
066ffd7b-b896-47cf-a300-a7c116d3389a,BirdVox-DCASE-20k,1
0672e8c3-af3b-4aef-a18c-044fccddbc2e,BirdVox-DCASE-20k,1
067693e2-8de9-4f65-a7fc-f2f1c8d7767b,BirdVox-DCASE-20k,1
067875fd-397b-4db3-a3ff-3b3adb8218b6,BirdVox-DCASE-20k,0
067ce059-035a-4752-ac1d-0ecb4f0e88aa,BirdVox-DCASE-20k,1
067e27b2-42ee-408b-a2e8-fee371b361fe,BirdVox-DCASE-20k,0
06801686-18b5-4d05-a8f8-0c3d43d8c276,BirdVox-DCASE-20k,0
06838e58-d47a-4abd-aba3-9a56b1a7888a,BirdVox-DCASE-20k,0
0685c571-1073-45d4-ade4-ad974ab131e8,BirdVox-DCASE-20k,0
06898282-2d2e-4015-a901-a14cc39c7fab,BirdVox-DCASE-20k,1
06955424-83bf-48d6-a0eb-2f695758846a,BirdVox-DCASE-20k,0
0699072e-507e-4478-a290-dc94ef47dcdc,BirdVox-DCASE-20k,1
0699f80d-96bf-4804-af4b-d4fe98a4d521,BirdVox-DCASE-20k,1
069be235-5cd4-4b34-a930-fa9297f21ec8,BirdVox-DCASE-20k,0
069c1c5b-9e53-4334-a252-d1c8db368c8e,BirdVox-DCASE-20k,0
069c1ca2-760c-4c26-a6af-179c8ceef4a6,BirdVox-DCASE-20k,1
069ed10a-f444-4364-ab37-7e803b883a63,BirdVox-DCASE-20k,1
06a112c3-348d-4827-a11f-83acdc4e2a36,BirdVox-DCASE-20k,0
06a1b641-ef23-485a-ae7f-399575942cdd,BirdVox-DCASE-20k,1
06a3b551-a108-4973-a796-09914a5ce25d,BirdVox-DCASE-20k,0
06a77caf-f557-43c0-a3bc-793393f7be51,BirdVox-DCASE-20k,0
06a77f1a-66fb-49e9-aa3f-7fe7a4e5d0d8,BirdVox-DCASE-20k,0
06aa5f13-f0c1-4a82-acdf-e451220a3ace,BirdVox-DCASE-20k,1
06aaae32-f8b0-4949-aa2e-6095d44f5e8a,BirdVox-DCASE-20k,0
06ac34cf-71b4-4158-a0ca-af45436123c5,BirdVox-DCASE-20k,1
06b0c15a-2295-4420-aca5-fccbd749199c,BirdVox-DCASE-20k,1
06b18df6-b85b-448e-a993-4b74b73a5481,BirdVox-DCASE-20k,0
06b2990f-4d2a-4d23-a271-956e70092533,BirdVox-DCASE-20k,1
06b3d0b0-c0a3-4445-a4d6-976477c0010f,BirdVox-DCASE-20k,0
06b84897-857b-4a61-a2fa-8e90ffae636d,BirdVox-DCASE-20k,1
06b880a5-dc2a-4f5e-a0b4-ebc6eb5e7f2e,BirdVox-DCASE-20k,1
06b995d5-00c3-40d1-a640-0c01cf9582e9,BirdVox-DCASE-20k,0
06bd846e-b1de-4a3f-a579-818d27881bca,BirdVox-DCASE-20k,0
06c0deb2-9c6b-497d-ac11-4e57453435ae,BirdVox-DCASE-20k,1
06c45bb9-8cca-4282-ac9b-f9f8695591a4,BirdVox-DCASE-20k,1
06c7f692-36eb-4fc5-a8d1-8ab60aaf774f,BirdVox-DCASE-20k,1
f995cb92-86ee-4cfa-a5de-178c49337c77,BirdVox-DCASE-20k,1
f9969e15-7d38-49f7-ae73-c7e598d9dd7f,BirdVox-DCASE-20k,0
f99822e9-7a33-4ab4-a55d-3d67cc0d01be,BirdVox-DCASE-20k,0
f999d938-f933-4f6b-a39a-76563b702043,BirdVox-DCASE-20k,0
f99f8859-2521-40b9-aa9c-fda616d28db5,BirdVox-DCASE-20k,1
f9a0a1d6-32a2-42a9-a5fb-df2a3d93aaa6,BirdVox-DCASE-20k,0
f9a5cda5-cbd2-40fd-a2a4-56e4932eb0df,BirdVox-DCASE-20k,0
f9aa3103-e107-4236-adc8-6c3c0773054c,BirdVox-DCASE-20k,1
f9aebe6c-5830-4090-a5b0-ff7f0095bbf2,BirdVox-DCASE-20k,1
f9affdbd-2456-4640-ac01-11f177043a97,BirdVox-DCASE-20k,0
f9b02ca6-9010-4688-a7c0-18c10653cc78,BirdVox-DCASE-20k,1
f9b06adc-32e0-4a2a-ab86-2130ad933053,BirdVox-DCASE-20k,0
f9b13ec5-d7e8-4066-a014-e0a24eed7223,BirdVox-DCASE-20k,0
f9b35a84-3643-43e0-a1b1-a64b5e40a510,BirdVox-DCASE-20k,1
f9b3820f-2b60-4dad-ac1b-d42a256cc7dc,BirdVox-DCASE-20k,0
f9b63789-dab2-4da7-ac41-874ef42ec965,BirdVox-DCASE-20k,1
f9ba5eb9-05ec-4ec8-a478-7075b4557855,BirdVox-DCASE-20k,0
f9bb5a47-bf2d-4bf9-a157-6f3758e0ca0d,BirdVox-DCASE-20k,1
f9bfa44c-7e39-4ded-a3b1-21c4bc536f65,BirdVox-DCASE-20k,0
f9cbb314-7e1f-464a-a557-d02b647c2ff2,BirdVox-DCASE-20k,1
f9ced4f3-2064-4526-ab1c-98791c9bc210,BirdVox-DCASE-20k,0
f9d040be-de03-41c2-a6e4-177945f371e3,BirdVox-DCASE-20k,0
f9e49d4d-f398-4616-aedc-93b0cfc20b1e,BirdVox-DCASE-20k,1
f9e95c79-8ec6-4e64-aa82-a53d3df957d5,BirdVox-DCASE-20k,1
f9eb1675-83db-46ea-ac66-4a3655dd4faf,BirdVox-DCASE-20k,0
f9ec24ec-d009-438b-a9fb-464d871a322e,BirdVox-DCASE-20k,1
f9ef2019-8521-49d8-ae87-b1fa27b7b5be,BirdVox-DCASE-20k,1
f9ef97e5-6c68-464c-ad57-e6253650ee7e,BirdVox-DCASE-20k,0
f9f1b1df-134a-436f-af2e-9dc509423e05,BirdVox-DCASE-20k,1
f9f366d4-fc4d-4664-a72b-e962ec2e5d76,BirdVox-DCASE-20k,0
f9f3c711-9abe-4e11-afd2-924b89386943,BirdVox-DCASE-20k,1
f9f6759d-579b-4d1d-ae9b-2bb74d460095,BirdVox-DCASE-20k,0
f9f88c28-740d-4f90-a0f9-217342c63a04,BirdVox-DCASE-20k,1
f9f8c979-74cd-42b8-ab40-9fb0d42e0044,BirdVox-DCASE-20k,0
f9fbf621-4e0f-4aaa-a7af-7314d9f61399,BirdVox-DCASE-20k,0
f9fdb028-6760-4fbe-a59f-f64e34c87c62,BirdVox-DCASE-20k,1
f9fdeafb-92a7-46cc-a39a-9ca7786ea60b,BirdVox-DCASE-20k,1
fa08c921-e482-4a04-aef8-3c3f552a7484,BirdVox-DCASE-20k,0
fa0a4ff8-85ee-49f9-a575-83ba78c049ae,BirdVox-DCASE-20k,1
fa0adf35-4320-4324-a731-8eafeb1ceee9,BirdVox-DCASE-20k,0
fa0dd5c0-7245-4e95-ae5d-4999a636989b,BirdVox-DCASE-20k,0
fa0e0338-c741-400d-acc4-301d67226eb2,BirdVox-DCASE-20k,0
fa0e15e1-9ad1-4b15-acd1-9a2dbab4e161,BirdVox-DCASE-20k,0
fa1214bb-479c-4a2b-aa7d-831e66f24fa2,BirdVox-DCASE-20k,0
fa172ec4-1d58-43e9-ad07-1cd22a4a01d4,BirdVox-DCASE-20k,0
fa1d620d-7257-4871-a075-a600719b4699,BirdVox-DCASE-20k,1
fa1f297a-4682-4733-a9fb-61147ae1fb22,BirdVox-DCASE-20k,0
fa20f3d7-63ab-4dd5-abb6-f4da5b8b629d,BirdVox-DCASE-20k,0
fa23dfda-cd86-4fb2-ade8-e913dd22f4d5,BirdVox-DCASE-20k,1
fa27d60a-cec6-411e-aebd-03d8c208ce72,BirdVox-DCASE-20k,0
fa293718-f723-4904-aa4e-24cc4ced03ce,BirdVox-DCASE-20k,0
fa2ff216-a23c-4e9d-a619-fa5ecdcd71a2,BirdVox-DCASE-20k,0
fa358181-5011-4bf2-a664-3bfbfdece7b3,BirdVox-DCASE-20k,0
fa36bc4f-54cb-492f-a152-e8e77f5f5c20,BirdVox-DCASE-20k,0
fa3f691c-2cdc-4ea8-ab45-13697c78daac,BirdVox-DCASE-20k,0
fa4336c9-51b1-409f-a435-a5c62adac2cc,BirdVox-DCASE-20k,1
fa46ce81-3730-4eb2-a33e-9b148ee37946,BirdVox-DCASE-20k,0
fa46d174-d6c1-4ff9-aba9-6aaf01cb0c0b,BirdVox-DCASE-20k,1
fa475272-ddb6-4a87-af2e-8399568824af,BirdVox-DCASE-20k,0
fa4944fb-5404-48ab-a56d-0b4e1fa6fbc3,BirdVox-DCASE-20k,1
fa499163-6468-4f99-ab91-9c63f1550a23,BirdVox-DCASE-20k,0
fa4b178a-b4e0-4bdf-aa19-bfe1d181dc09,BirdVox-DCASE-20k,1
fa507327-0b3d-4772-a600-10e039c2d890,BirdVox-DCASE-20k,0
fa507727-db7d-464b-a560-ac85bddf50e9,BirdVox-DCASE-20k,0
fa508deb-9d39-4b4a-ae25-271a3dec4e3e,BirdVox-DCASE-20k,1
fa566f76-aef3-4b11-a316-c7327d2ac82a,BirdVox-DCASE-20k,0
fa56abc2-e7bf-4e2b-a7b7-bdb8fedfff91,BirdVox-DCASE-20k,0
fa5b9e62-7b8d-4b66-a391-092a9234ceda,BirdVox-DCASE-20k,0
fa5d1caa-fe96-4d8b-a32a-0980c0d9cf6d,BirdVox-DCASE-20k,0
fa664291-3c92-4b2d-aeda-e05adc2193a1,BirdVox-DCASE-20k,0
fa67033d-3193-40d2-a558-744df41561d1,BirdVox-DCASE-20k,1
fa6bb44c-c2d7-4739-a22c-2f8a97f0900b,BirdVox-DCASE-20k,1
fa72dae0-ebf1-49d2-ab61-39c9be01269c,BirdVox-DCASE-20k,1
fa73a038-2cbd-4f86-abe7-6544e26e3a14,BirdVox-DCASE-20k,1
fa7abe86-e998-40a1-aca6-439d3c3bac97,BirdVox-DCASE-20k,1
fa7e2e1e-ad8b-45eb-a376-7da547f7a291,BirdVox-DCASE-20k,1
fa8676b5-8d03-4b2d-ad90-1d0cc4fa50cf,BirdVox-DCASE-20k,1
fa89fb8a-2959-44fa-aa8d-cc1ecfc27207,BirdVox-DCASE-20k,0
fa8ab7f2-fb1b-4f4f-a641-7f38aafdcb9f,BirdVox-DCASE-20k,0
fa8bcd50-8e68-4cfb-a549-e4622effeae7,BirdVox-DCASE-20k,0
fa8c24ca-22e7-4112-a62a-a21344979773,BirdVox-DCASE-20k,0
fa8eb5ff-e2db-4334-a22e-7bd6dc1f7fa1,BirdVox-DCASE-20k,1
fa8eea8e-2f36-4d9c-abae-9b354b5eeb16,BirdVox-DCASE-20k,1
fa8f8b14-1002-47e7-a87e-57df5c451d21,BirdVox-DCASE-20k,0
fa91ee9b-dcf4-4549-a016-6e9b83a7b619,BirdVox-DCASE-20k,1
fa97a0b9-8d7e-4562-a9bb-578c4e4e717f,BirdVox-DCASE-20k,1
fa9c01c2-85a5-4310-a1f8-7b822177d253,BirdVox-DCASE-20k,1
fa9d49db-abb4-46ac-acc0-eab3fe04a83c,BirdVox-DCASE-20k,0
fa9ffc98-0bb2-450a-a4d8-00b7e7dd2a16,BirdVox-DCASE-20k,0
faa005f3-5be3-4cdc-ac89-a4c2e80e7d1f,BirdVox-DCASE-20k,1
faabc13e-6e04-4da1-a1d8-776762f09389,BirdVox-DCASE-20k,1
faaf8c30-e2db-4a74-a0a4-f44ebb2f85aa,BirdVox-DCASE-20k,1
fab71868-3889-4069-a56c-51bad55cde27,BirdVox-DCASE-20k,0
fab782d9-26e3-4fa5-a6dc-ef8e56b6070f,BirdVox-DCASE-20k,1
fab9444c-e860-4719-ad7c-cb75d63f2188,BirdVox-DCASE-20k,1
fab9d29b-4e1c-4d62-a25e-dd3754cdbd41,BirdVox-DCASE-20k,0
fabccc16-474c-4b96-ac63-3f0d4762284f,BirdVox-DCASE-20k,0
fabe48f9-28df-4539-abbf-f5c9794ab63a,BirdVox-DCASE-20k,1
fac4ca2d-8732-42ac-ac35-804694f28735,BirdVox-DCASE-20k,1
fac4e136-6f36-46fa-a88a-aaca5b61ad5b,BirdVox-DCASE-20k,1
fac5c1f1-d5a3-479e-aae8-b7e6de60f072,BirdVox-DCASE-20k,0
fac7345c-bdfb-4f34-a7ac-3d183eb1cb36,BirdVox-DCASE-20k,0
fac868ca-898a-4321-a5a1-bdfa0e304635,BirdVox-DCASE-20k,1
facb6565-f385-4598-ad1f-cc79751d7861,BirdVox-DCASE-20k,0
facdf00c-b2ab-41ec-ace6-e96fddf615eb,BirdVox-DCASE-20k,1
facfa104-f1e0-4d20-a482-ccb13fe8d36b,BirdVox-DCASE-20k,1
fad0408c-dcc1-4f24-aafa-15e9eb1345fb,BirdVox-DCASE-20k,0
fad68f77-dd9c-4860-a091-69b73f727fbf,BirdVox-DCASE-20k,1
fad87799-a013-42b6-affb-2d3d281dedd2,BirdVox-DCASE-20k,1
fad96c14-c970-44f7-a818-631614dfa078,BirdVox-DCASE-20k,0
fae3c873-5c6f-4a19-ae42-cd9298608d0a,BirdVox-DCASE-20k,0
fae62b21-2775-4785-ae56-a0f73b996569,BirdVox-DCASE-20k,0
fae70f39-8bd1-4f3c-a67e-31b1224ed1d7,BirdVox-DCASE-20k,1
fae71774-486d-4a3a-ae95-571ad7357367,BirdVox-DCASE-20k,0
fae7a90f-6b0a-4d9d-a1d0-f3a27f0808ed,BirdVox-DCASE-20k,0
fae90751-b80d-4a51-a591-bb3e130afd09,BirdVox-DCASE-20k,0
faee09e4-c9ec-47a0-acc0-d06817109bef,BirdVox-DCASE-20k,1
faef335d-4153-49c5-a6e2-727228440750,BirdVox-DCASE-20k,0
faf2d175-b5ff-4c5f-a43e-54e17c9bfca2,BirdVox-DCASE-20k,0
faf38f6c-9141-43a9-a33c-f2d6e33a5840,BirdVox-DCASE-20k,1
fafb0b6d-b8a9-49d6-a4fc-cf98af1a6100,BirdVox-DCASE-20k,0
fafb1c81-0894-48d7-a1b6-e4d580e10e38,BirdVox-DCASE-20k,0
fafcdb02-8161-46ed-a917-90e36d2b58d9,BirdVox-DCASE-20k,1
fb03e234-76fe-440e-a7a1-17aac3117a2b,BirdVox-DCASE-20k,1
fb04199b-0f74-49d8-a281-4cbcc8c7f8c8,BirdVox-DCASE-20k,1
fb06ea5b-941d-4866-af14-7c211e91fea2,BirdVox-DCASE-20k,1
fb072353-deac-497e-a959-6608590815d6,BirdVox-DCASE-20k,0
fb0aac88-807b-491d-ae17-813cdc0bdcb5,BirdVox-DCASE-20k,1
fb0c5ef0-011b-43e2-a548-8bedb2e3ce47,BirdVox-DCASE-20k,0
fb0e878c-d1bf-4255-a343-a299373886dc,BirdVox-DCASE-20k,1
fb142050-7d59-4a3e-a702-4c93d44c769f,BirdVox-DCASE-20k,0
fb16c9cc-fbad-4800-a57f-7bae07750908,BirdVox-DCASE-20k,0
fb170df4-0b27-4229-ae31-76d4761ceb04,BirdVox-DCASE-20k,1
fb1c4f6f-4b40-4677-abd4-e2784f516d99,BirdVox-DCASE-20k,1
fb1cf070-d684-4211-a61a-485d82080536,BirdVox-DCASE-20k,0
fb1dd6ca-4e60-43d0-a04e-18b47a6780ec,BirdVox-DCASE-20k,0
fb27e8f4-fdd8-4ddb-a699-a6f4563dd9bb,BirdVox-DCASE-20k,1
fb2f00a2-1b90-4477-acee-12a386112e62,BirdVox-DCASE-20k,0
fb31667d-f5bb-4584-a080-93b7cb4c7128,BirdVox-DCASE-20k,1
fb330816-eca9-44b0-a6c4-b6cf425f65cb,BirdVox-DCASE-20k,0
fb36c722-0a66-4f37-a953-9f736daad6d0,BirdVox-DCASE-20k,1
fb3e1a4e-2da2-4031-a919-44b0f5ffeb8e,BirdVox-DCASE-20k,1
fb3ee659-4659-4ceb-a3b5-217dd9ffdcc4,BirdVox-DCASE-20k,0
fb3fff27-3cb3-4ca9-ac06-4ca8c1b8126e,BirdVox-DCASE-20k,0
fb4653c9-e961-47b5-ab7f-a6dfb04352df,BirdVox-DCASE-20k,0
fb4a6ba7-53d9-4940-a00a-93db514fc2d9,BirdVox-DCASE-20k,0
fb4d0590-38ce-4396-a698-5839d13f6e53,BirdVox-DCASE-20k,0
fb530c81-5696-412b-a52c-d5330a63f4c2,BirdVox-DCASE-20k,0
fb582374-d916-48c7-a700-55139a4e46ed,BirdVox-DCASE-20k,1
fb5d12c6-ed85-4c5d-a0b8-16f533a3b738,BirdVox-DCASE-20k,1
fb5fa23c-7d34-4651-a096-d8e70f8633b0,BirdVox-DCASE-20k,0
fb60b652-7a96-4ddb-a915-d4ed9ef44c73,BirdVox-DCASE-20k,0
fb64710a-a1b1-4e50-a249-5ca247b4f9d5,BirdVox-DCASE-20k,1
fb68338c-4d58-4966-a368-74e7fe90b0f1,BirdVox-DCASE-20k,0
fb68ff6a-c153-41ee-ae5d-056adcf17826,BirdVox-DCASE-20k,1
fb72499b-e80b-4c93-a2cd-def8775d89a3,BirdVox-DCASE-20k,0
fb72b39c-7176-4e83-a4a5-da79b60d1129,BirdVox-DCASE-20k,0
fb74f9c7-38e0-4796-afec-70cfa6a57e0c,BirdVox-DCASE-20k,1
fb7db20c-e7d7-4db5-abc3-81ca6bf7bc94,BirdVox-DCASE-20k,0
fb83c171-a62f-4d42-a5c5-076a6f8a71c2,BirdVox-DCASE-20k,0
fb865a55-54c0-4c16-a104-3fa8ba2464cd,BirdVox-DCASE-20k,0
fb9b1ee1-e803-4c70-acf3-b7a9dee90ea0,BirdVox-DCASE-20k,0
fb9cfd04-e57c-4d09-aa0f-e8b0a701e6f5,BirdVox-DCASE-20k,1
fba2a6ff-5919-43e8-abf6-496e600026c5,BirdVox-DCASE-20k,0
fba51d47-e9b5-48b0-a8be-b53f2fa632ac,BirdVox-DCASE-20k,1
fba5a33e-e94e-4897-a0bb-a32be2f075c9,BirdVox-DCASE-20k,1
fba60f05-4157-4384-ad2a-09203b5e6b55,BirdVox-DCASE-20k,1
fba81077-1d02-4264-a832-4dc3883f0a8c,BirdVox-DCASE-20k,1
fbbd4aab-605a-4a6f-aeba-d77e4402d09c,BirdVox-DCASE-20k,0
fbbee621-b17e-4c94-a236-28b955a3456b,BirdVox-DCASE-20k,1
fbbf4877-acc1-48c7-a60f-08ebb6af028c,BirdVox-DCASE-20k,0
fbc359dd-3f0f-4e7b-a2d4-dd034c6f5163,BirdVox-DCASE-20k,1
fbc81426-1ff5-4de8-a669-ec48e4579ebd,BirdVox-DCASE-20k,1
fbc8880b-fed4-4eea-a4a4-c0f3b03128e4,BirdVox-DCASE-20k,1
fbcd1837-193b-4d1a-a819-ea6cff37f5dc,BirdVox-DCASE-20k,1
fbd37e66-bd73-436d-a51b-f171dd87749e,BirdVox-DCASE-20k,1
fbd47df4-cea3-459f-a7d6-60262099ecdd,BirdVox-DCASE-20k,0
fbd5b45a-e67a-4d87-ab35-40e7c5648e0e,BirdVox-DCASE-20k,1
fbd6a123-bdce-4424-af63-8671245b1011,BirdVox-DCASE-20k,1
fbd9dd2e-89ac-4d84-a3d0-6681757663f7,BirdVox-DCASE-20k,0
fbe58771-68a5-478c-a2ac-992a641b5865,BirdVox-DCASE-20k,0
fbee8380-98e3-42b3-a739-596700d03680,BirdVox-DCASE-20k,1
fbf2c3b4-a5f5-4d86-add0-f8e3a81f4454,BirdVox-DCASE-20k,0
fbfa2c76-b28e-452f-aa9a-a868b8561137,BirdVox-DCASE-20k,0
fbfdb20e-2c7f-4613-af58-ff723ae5902a,BirdVox-DCASE-20k,1
fbff4c34-4c3d-483e-a898-5cb111bd8996,BirdVox-DCASE-20k,1
fc02bd34-73a5-4e36-a2e5-c4bd2a102b50,BirdVox-DCASE-20k,1
fc07b74a-cceb-48df-a5c4-fa2c8de96e14,BirdVox-DCASE-20k,1
fc0817a1-c244-45ce-ad82-8c931b2ccf7c,BirdVox-DCASE-20k,1
fc107757-2ef1-4ad8-a927-e912eaebcc40,BirdVox-DCASE-20k,0
fc141cdb-319d-4393-add3-b06ba7f448ef,BirdVox-DCASE-20k,0
fc1489ea-9e97-43d0-ac8f-9689f1a783d2,BirdVox-DCASE-20k,1
fc155373-05d6-46c4-afc4-3b465fcd9cf2,BirdVox-DCASE-20k,0
fc1fa0a6-ce53-4fa0-a35c-f3e759c46adc,BirdVox-DCASE-20k,0
fc266eb9-96fa-43b7-ad37-30c193f80816,BirdVox-DCASE-20k,1
fc29d53d-88b8-4afe-a3f2-f4762c7284ff,BirdVox-DCASE-20k,0
fc2a8e24-0db2-48a4-a610-9701cb31a557,BirdVox-DCASE-20k,0
fc30078d-bffb-4953-ad8c-598f984b0a49,BirdVox-DCASE-20k,1
fc330000-0a46-4194-a5ab-7a439bff0d7c,BirdVox-DCASE-20k,0
fc339720-5e46-417d-a092-a3b86058ebf5,BirdVox-DCASE-20k,1
fc33e03a-e469-4f66-a5b8-ff8653699e0d,BirdVox-DCASE-20k,0
fc381b6a-6804-416d-a721-d85a1b17f297,BirdVox-DCASE-20k,0
fc388771-ac8e-41c2-ada6-e089bb4bfeff,BirdVox-DCASE-20k,1
fc408c42-470f-41cf-ad35-5260f4298a86,BirdVox-DCASE-20k,0
fc436f49-5ba2-4695-ab1b-127ab78686fa,BirdVox-DCASE-20k,1
fc43f7ae-5b16-4cf7-ab2c-922166abd74d,BirdVox-DCASE-20k,1
fc489c4b-2e4b-4d56-a8fd-13d98eacb272,BirdVox-DCASE-20k,1
fc4fcc04-6c2a-4d7b-a0cb-87faec14504c,BirdVox-DCASE-20k,0
fc5723d7-5e6d-4843-ae7e-1a241b1963af,BirdVox-DCASE-20k,1
fc583b71-5cd2-4030-a2c4-e2282751cbf2,BirdVox-DCASE-20k,1
fc5955b8-d7e6-4377-a3cf-b5bc8f365c27,BirdVox-DCASE-20k,0
fc5cfe39-e1b0-4215-a618-91cfa888e11c,BirdVox-DCASE-20k,0
fc5d5e3c-a6ca-41ee-a40b-619cc5e52042,BirdVox-DCASE-20k,0
fc64ae97-7998-4380-abc5-7df7db16b4ec,BirdVox-DCASE-20k,0
fc68c341-bfa1-4c21-a010-6d8dc342699e,BirdVox-DCASE-20k,0
fc6a0f71-bd4a-402f-a6c0-c83e08ca0ff3,BirdVox-DCASE-20k,1
fc6c3b02-57bb-4fec-ad65-a16e1e24166b,BirdVox-DCASE-20k,0
fc6fe11f-5215-4cf1-ad11-6e303db6378d,BirdVox-DCASE-20k,0
fc745b84-e3a3-4937-a2e2-2931ac107007,BirdVox-DCASE-20k,0
fc76735c-240a-45e9-a1d2-d20f7964904b,BirdVox-DCASE-20k,1
fc77c123-2621-4b17-a150-7aeea2c33b2e,BirdVox-DCASE-20k,1
fc7841cb-e834-4bf6-aa35-1873ba01cd2b,BirdVox-DCASE-20k,0
fc792915-6d5c-4ca4-a905-e75075c4a14d,BirdVox-DCASE-20k,1
fc7a3921-baec-406b-acfb-34e956d02c4c,BirdVox-DCASE-20k,1
fc7b37f5-3125-4d5e-a199-7b87ed85cb55,BirdVox-DCASE-20k,0
fc7d9891-5bfb-453b-a6a4-507c25d14d66,BirdVox-DCASE-20k,0
fc7e2e3b-8c43-47ba-a334-ad777b704f53,BirdVox-DCASE-20k,1
fc811b6a-b1ba-48c7-a442-b20d50c4f95f,BirdVox-DCASE-20k,1
fc829b9f-b6a3-4a15-ada1-651b1660ac80,BirdVox-DCASE-20k,1
fc879814-fc4a-4e1e-a8aa-42f93ea37def,BirdVox-DCASE-20k,0
fc8a7fc2-4ec6-4610-a2d4-081230768e56,BirdVox-DCASE-20k,0
fc8eb440-dfd7-414d-ad48-93c4c6e17c78,BirdVox-DCASE-20k,1
fc907f6f-bf7e-4b39-ab30-e1e5251b7ae2,BirdVox-DCASE-20k,0
fc949b3b-b1da-464c-ab35-0a932586e115,BirdVox-DCASE-20k,0
fc9e1bf3-ecea-4732-a970-b23306296452,BirdVox-DCASE-20k,1
fca17f37-d010-4b78-a89e-1790ba03ff61,BirdVox-DCASE-20k,1
fca37d9a-f1c7-4c63-aed3-a19af0385913,BirdVox-DCASE-20k,1
fca557d2-3079-4598-a4f5-99b51cc03c7d,BirdVox-DCASE-20k,1
fca62978-bf93-4756-a541-61f960ae8e99,BirdVox-DCASE-20k,0
fca82179-e931-4dd9-a6bd-d1bb8bdb7317,BirdVox-DCASE-20k,0
fcad3cc7-dbe8-4986-a45b-2b1daf3b34d0,BirdVox-DCASE-20k,1
fcb26a51-9d5d-4576-a0cc-3a71158c9745,BirdVox-DCASE-20k,0
fcb9a2d7-89d1-4793-a292-446deeed343b,BirdVox-DCASE-20k,1
fcba0199-b1f1-4cd5-a1e0-3ceffc108fc6,BirdVox-DCASE-20k,1
fcbacbd8-4d09-46a7-a019-dcd0ef36dc52,BirdVox-DCASE-20k,1
fcbb73c3-6ee6-4c86-a589-f1a92ca703cf,BirdVox-DCASE-20k,0
fcbdc5a3-8a75-4fc3-a91f-a96d0437cb6d,BirdVox-DCASE-20k,1
fcbfd38c-9ab0-4ca4-a8d1-f89b45ef132e,BirdVox-DCASE-20k,0
fcc4c716-edf5-4627-a2bb-0d82d1146373,BirdVox-DCASE-20k,1
fcc4e727-b4bd-4667-a4f1-87a003c4e55d,BirdVox-DCASE-20k,1
fcc4eece-c4f2-4df4-abfd-90cc45eca264,BirdVox-DCASE-20k,1
fcc5aaf1-c0bd-4f51-a65a-128db1aff03e,BirdVox-DCASE-20k,1
fcc5b2f4-a953-4a2f-a74c-173b591f141e,BirdVox-DCASE-20k,1
fcc71def-7dde-44d3-a466-1d4dae628edc,BirdVox-DCASE-20k,0
fccc60c9-a423-4bf9-af5f-f4acb143164e,BirdVox-DCASE-20k,0
fccf8efe-f2a0-4a8a-a36d-1e9d386b14cf,BirdVox-DCASE-20k,1
fcd2a782-f90d-4844-a25f-c4b9840f9982,BirdVox-DCASE-20k,0
fcd84beb-5e8b-4e2b-a23a-5692938313d3,BirdVox-DCASE-20k,1
fcda8261-2708-472b-ab69-185fe114a177,BirdVox-DCASE-20k,0
fcdbe00f-dc37-446f-acc2-273d6ed81b34,BirdVox-DCASE-20k,1
fcdc5988-b60b-4e17-aa67-d49315ad1be7,BirdVox-DCASE-20k,0
fcde1548-188c-4d12-ac9a-4323b22d849b,BirdVox-DCASE-20k,0
fce62068-1217-4bb8-aa66-ea901bb255a9,BirdVox-DCASE-20k,0
fce80b5f-be76-42f9-a4b1-e50696175a60,BirdVox-DCASE-20k,0
fce8c48f-3c3b-49db-a047-e58a24aeac10,BirdVox-DCASE-20k,0
fcec16a0-8adb-4a2f-a93a-3f729efc6f8f,BirdVox-DCASE-20k,0
fced0ea2-ad1d-4514-ae98-d13ee430968b,BirdVox-DCASE-20k,1
fcee1a24-bb86-40fb-a8cb-5ba68d50b8e6,BirdVox-DCASE-20k,1
fcef2c04-60a0-4e98-a011-2fd5e6c623b3,BirdVox-DCASE-20k,1
fcef9daa-871f-4169-a2bb-3593e1dfd352,BirdVox-DCASE-20k,1
fcf67335-ea92-409a-a81c-0e4b58b6151e,BirdVox-DCASE-20k,0
fcf69fa7-485e-4d55-a6bc-971f2c6dec69,BirdVox-DCASE-20k,0
fcf6f22c-8838-4328-a0df-600f0f49d6f6,BirdVox-DCASE-20k,1
fcfa2055-fdba-4de1-ade8-67f647883f19,BirdVox-DCASE-20k,1
fcfcd375-9bec-404e-a012-f7b6cee637fa,BirdVox-DCASE-20k,0
fd0006c4-c487-48bd-a54c-c64cc2183a36,BirdVox-DCASE-20k,0
fd04ee84-44c9-4074-ae56-69be745af673,BirdVox-DCASE-20k,0
fd054421-20be-48d2-a84d-04b6c52d9a58,BirdVox-DCASE-20k,0
fd112e95-4ceb-4722-a7bf-be682a3f7fd8,BirdVox-DCASE-20k,1
fd14712f-9570-4c82-aa0e-f62b65b39cf8,BirdVox-DCASE-20k,0
fd1c1926-990b-4d70-a581-a04dec72484c,BirdVox-DCASE-20k,0
fd2727f9-eae6-4783-a1fe-5dc3ab7f48de,BirdVox-DCASE-20k,1
fd28b915-890e-4673-a881-a4e533ea91c4,BirdVox-DCASE-20k,1
fd2a326d-40ef-477d-a59e-1b7767276271,BirdVox-DCASE-20k,1
fd305705-ab0b-4373-a35d-732e87900f4a,BirdVox-DCASE-20k,0
fd32ddf9-fdf9-4e71-a1ab-91ee46f75d36,BirdVox-DCASE-20k,1
fd37798d-588a-489c-ae64-ea834ad36f66,BirdVox-DCASE-20k,0
fd38a31e-606f-4810-a23e-8d695b284058,BirdVox-DCASE-20k,1
fd3c663b-5592-49f2-af12-4a27823b66ed,BirdVox-DCASE-20k,1
fd3e75ce-19e4-4a94-a858-77c0b3e35dae,BirdVox-DCASE-20k,1
fd3ed564-c9bb-4330-a881-7aa5df64d645,BirdVox-DCASE-20k,0
fd42bacf-a105-451c-ab68-4e1aae084b39,BirdVox-DCASE-20k,1
fd47f1af-f6d5-48b9-abe4-7e5e1c7bc13b,BirdVox-DCASE-20k,1
fd4837b3-2d72-4ae7-a931-b86f48140532,BirdVox-DCASE-20k,1
fd4a000e-6f9e-4a7e-a04f-18ab5be8620d,BirdVox-DCASE-20k,0
fd4da101-a0ca-4916-a433-7162ef9e7b15,BirdVox-DCASE-20k,0
fd51dc6d-0cef-4943-a3ae-3608ef301be0,BirdVox-DCASE-20k,0
fd56b7be-780a-457a-a95d-70c701ac823d,BirdVox-DCASE-20k,0
fd58ff18-bdf0-4a3c-a73e-01ccb558e8f4,BirdVox-DCASE-20k,0
fd5d55c8-1b2e-4bc8-a745-9a3d7cc700ae,BirdVox-DCASE-20k,0
fd5dffad-aee8-4723-ae8b-87c4bf957f9c,BirdVox-DCASE-20k,1
fd6114d0-e551-4344-a794-726231f7115b,BirdVox-DCASE-20k,0
fd63d56d-e34f-4e7d-a20d-222137641b7f,BirdVox-DCASE-20k,1
fd660492-3a91-43c4-a03f-fc9c2d7d259b,BirdVox-DCASE-20k,0
fd66fa64-f263-485b-aead-fecfef4fd19d,BirdVox-DCASE-20k,1
fd6a1a68-2e99-4d25-a1e5-acbb95fd5692,BirdVox-DCASE-20k,1
fd6be489-ca64-4857-a2fe-2cdbe3b320c0,BirdVox-DCASE-20k,1
fd70cbc3-d72a-4c1a-aa1f-fca8c6d18ebc,BirdVox-DCASE-20k,1
fd767c10-ac1a-4f52-a47f-124ab7892633,BirdVox-DCASE-20k,1
fd79a693-9ff8-421b-a07f-7735c2893d25,BirdVox-DCASE-20k,1
fd79e55d-d3a3-4083-aba1-4f00b545c3d6,BirdVox-DCASE-20k,1
fd7d6a6d-f73e-438a-ac12-98fd84ecd357,BirdVox-DCASE-20k,0
fd7d74a0-a690-47d1-aad0-f8447b83c2db,BirdVox-DCASE-20k,1
fd7f5092-9172-4ff3-a5ae-329edb0ef53a,BirdVox-DCASE-20k,0
fd80925e-252b-49ad-a43e-b64a5bc86dd9,BirdVox-DCASE-20k,1
fd822fd1-e362-4572-a27d-869e9190c9f6,BirdVox-DCASE-20k,1
fd8278bc-6da7-4f60-ac72-105adc87d8e5,BirdVox-DCASE-20k,0
fd851115-a082-4c23-a8ab-28dd4fbccc1e,BirdVox-DCASE-20k,0
fd8a01a5-8b3f-45d1-a77a-ac9095ea5391,BirdVox-DCASE-20k,0
fd8a4204-84c5-43f4-ae35-39e057a27ddf,BirdVox-DCASE-20k,1
fd8d8865-3e44-4dfa-a482-d60402a0c736,BirdVox-DCASE-20k,0
fd90c629-7c49-4747-a82e-d439cd4f9968,BirdVox-DCASE-20k,1
fd97297d-b06b-4dcc-a188-6414c19705d4,BirdVox-DCASE-20k,1
fd99a1ee-c614-4d81-a424-2e7a107599f7,BirdVox-DCASE-20k,1
fd9d5e17-1a26-497f-a6fb-14b024e13ca0,BirdVox-DCASE-20k,0
fd9eca26-7830-4793-a5d9-70467c576dd4,BirdVox-DCASE-20k,1
fda10a43-2f0f-4450-a0b8-a97601afcfc4,BirdVox-DCASE-20k,0
fda35ec3-531d-45f4-a222-155cb8484697,BirdVox-DCASE-20k,0
fda42597-37e0-45ff-ac77-edea8051ad26,BirdVox-DCASE-20k,1
fdabb826-0ce0-4f5d-a67e-50115dab9465,BirdVox-DCASE-20k,0
fdb0118d-bbaa-4849-adab-eb3925a3251a,BirdVox-DCASE-20k,0
fdb851fd-e735-4e9d-a97c-79eb6a6a9510,BirdVox-DCASE-20k,1
fdb93472-a078-4ca0-a434-183bbbbfa8f5,BirdVox-DCASE-20k,0
fdbb63e5-0ecd-406e-a99f-b104d20f33f1,BirdVox-DCASE-20k,1
fdc04524-c378-431a-a23b-b8991a546b95,BirdVox-DCASE-20k,0
fdc37cbb-b437-48c5-ad7a-71b7b47aa153,BirdVox-DCASE-20k,0
fdc92863-b35c-4bd4-ad48-efe058dfe2e6,BirdVox-DCASE-20k,1
fdc98434-290a-402f-a215-570ccc0d1ebc,BirdVox-DCASE-20k,0
fddd225a-aaf5-4ad3-ad46-be79752f024e,BirdVox-DCASE-20k,1
fde25293-38fb-4f18-a332-9b99a1ff78b1,BirdVox-DCASE-20k,0
fde835e4-9f23-4573-a885-343209f5467c,BirdVox-DCASE-20k,0
fde899a6-4dd0-44af-a2d8-6c64cb430345,BirdVox-DCASE-20k,1
fde9d6c5-3563-4d38-abc0-d01bf52298b7,BirdVox-DCASE-20k,0
fdebfd52-effc-461b-a27b-c3cae8e552e9,BirdVox-DCASE-20k,1
fdede9ec-4c4d-4c1a-a1ae-47bffa080f8d,BirdVox-DCASE-20k,0
fdee3700-18c0-43b0-ac95-b3ce640899d5,BirdVox-DCASE-20k,1
fdff5b01-0355-4a07-a446-ca43421c9003,BirdVox-DCASE-20k,0
fe022b36-bac4-449f-a323-88fb3ea5129c,BirdVox-DCASE-20k,1
fe080ad1-fa3e-4162-a319-5c55deb28dce,BirdVox-DCASE-20k,0
fe087025-71c2-4b12-a1b1-ffc3b731f004,BirdVox-DCASE-20k,1
fe0b2a08-b9a6-45c3-af7a-7f3080fe63d9,BirdVox-DCASE-20k,0
fe0fa718-4820-4a7c-ae2b-9e2a1b234023,BirdVox-DCASE-20k,1
fe12e03b-d772-4211-a65e-1f1caecbb2ae,BirdVox-DCASE-20k,0
fe16014b-ef5f-4ac7-adfa-5435302ed96d,BirdVox-DCASE-20k,0
fe179c1d-70cb-4fce-ac85-f2e942bd333d,BirdVox-DCASE-20k,0
fe19ce4b-9f22-4f15-a39d-8515ede40012,BirdVox-DCASE-20k,0
fe2097e9-d807-4732-a68c-c62aebcf06c1,BirdVox-DCASE-20k,0
fe2161ea-ea07-4cce-a6d3-2c6b45f3df8c,BirdVox-DCASE-20k,1
fe24d59c-3d8f-4f0b-a660-490dfe09c4c1,BirdVox-DCASE-20k,1
fe276eae-99a0-4222-ac8f-53bfa10aac4d,BirdVox-DCASE-20k,0
fe29af7b-6275-4b2f-a34b-9c6867dbfc3c,BirdVox-DCASE-20k,1
fe34649b-d71a-4b43-adae-8d47c99cb736,BirdVox-DCASE-20k,1
fe48d08e-c130-4581-aa25-687834c0e3e3,BirdVox-DCASE-20k,1
fe4d4fdc-b3e2-4662-a871-fe6e1b10a3d3,BirdVox-DCASE-20k,0
fe4f67f7-28f9-4432-a40f-6efb5abff759,BirdVox-DCASE-20k,1
fe592489-04be-4657-a61d-fda7d60d6fc3,BirdVox-DCASE-20k,1
fe5b7f9d-ead3-410d-a69c-0f58eebe9ca3,BirdVox-DCASE-20k,1
fe60414d-b109-4928-a376-346101923cc6,BirdVox-DCASE-20k,1
fe61d747-fa58-4dd8-a74f-7ca9590b5e09,BirdVox-DCASE-20k,1
fe621103-856b-42cd-a451-cae018f1176e,BirdVox-DCASE-20k,0
fe658631-e86b-4f33-a584-14d9895e6c96,BirdVox-DCASE-20k,1
fe669e69-d15a-4149-a950-8215b61a4f56,BirdVox-DCASE-20k,1
fe6c94ce-5445-4465-a02c-a811a12af742,BirdVox-DCASE-20k,1
fe6e65cd-5880-4fc7-aa1d-a7d7f008e5d2,BirdVox-DCASE-20k,1
fe6ffbc5-1966-4ab9-a4e6-1d140ad83c56,BirdVox-DCASE-20k,0
fe703423-1bdf-49a6-abd1-3b235e949139,BirdVox-DCASE-20k,0
fe70a234-4a52-43b2-acb6-24e8d79f8ade,BirdVox-DCASE-20k,1
fe723de6-f826-45cd-a2ae-c49553cc8b3c,BirdVox-DCASE-20k,0
fe744324-aa43-48ce-a765-3c81bffb2db0,BirdVox-DCASE-20k,1
fe74fdfd-67b0-4218-abc8-56c9f12793f7,BirdVox-DCASE-20k,0
fe7be5d2-c24b-4fa9-ab72-b5cfb11ff859,BirdVox-DCASE-20k,0
fe7cf0c1-54df-4339-a4b5-17af786e82c4,BirdVox-DCASE-20k,0
fe7f2190-3b75-45bb-a01d-3f9f0cc98ccf,BirdVox-DCASE-20k,0
fe80b016-2d95-43c5-ae36-493328f5c3cd,BirdVox-DCASE-20k,0
fe818dcc-fc3e-48bc-ab48-70257c04db3a,BirdVox-DCASE-20k,1
fe81c9de-a84d-49de-aa42-ac893447b631,BirdVox-DCASE-20k,0
fe856f0e-e580-4985-ac74-cfe33107c1d0,BirdVox-DCASE-20k,1
fe87855d-a958-48ff-aa27-53bf217a6389,BirdVox-DCASE-20k,1
fe8a9d4c-87ad-44fc-a6fe-aab38c513ce4,BirdVox-DCASE-20k,1
fe8e41c3-7af3-4df2-a8b6-a2b9ee27f541,BirdVox-DCASE-20k,1
fe8e6671-64aa-4e1c-a5ac-efad73c50c3f,BirdVox-DCASE-20k,1
fe8e78a7-3c40-4e09-a582-b97fa4409253,BirdVox-DCASE-20k,0
fe9457a4-661c-46da-a1a5-3a5971621c1a,BirdVox-DCASE-20k,1
fea34a13-697e-4a01-a515-645b0380fc96,BirdVox-DCASE-20k,0
fea873a6-be68-4137-a9cc-4ea33f68967e,BirdVox-DCASE-20k,0
fea93696-2cc7-4168-a471-b5413006b5b3,BirdVox-DCASE-20k,0
fea9d283-f20b-4994-a779-cf77590fdf5b,BirdVox-DCASE-20k,0
feaaf43c-e41e-4f3c-a437-9b522a0c3470,BirdVox-DCASE-20k,0
feabba9b-24bc-4e0f-a611-0b442e84bfe0,BirdVox-DCASE-20k,0
feb41a19-b66d-4233-a6a5-cbfe17382481,BirdVox-DCASE-20k,1
feb4aef3-ec2f-43ac-acbe-597d05d2d722,BirdVox-DCASE-20k,1
feb99070-2aa4-4939-a240-a914ac762863,BirdVox-DCASE-20k,1
febdf450-2564-49fb-a703-a93dd1218311,BirdVox-DCASE-20k,1
fec2640f-1de7-42ae-acfb-feb5f8ed2792,BirdVox-DCASE-20k,1
fec37536-dfe3-49f3-a8a2-cefe135753fd,BirdVox-DCASE-20k,0
fec4a728-a8ac-4fe9-a844-d6a4b50f89e6,BirdVox-DCASE-20k,0
fec993e9-3e9e-4746-a50a-1a6c1848e136,BirdVox-DCASE-20k,1
fecb32b6-fca1-430a-a5f1-77a6c6852cdf,BirdVox-DCASE-20k,1
fecdcc0b-85e3-4678-a623-b1e045cdf40a,BirdVox-DCASE-20k,1
fed33aec-424d-4c53-a0e4-474144f46201,BirdVox-DCASE-20k,1
fed489ce-4aea-46bf-a421-7f18d4d13772,BirdVox-DCASE-20k,1
fed4fd64-5e78-409b-a907-a5ec051c5605,BirdVox-DCASE-20k,0
fedc374a-8bcf-4103-a7d4-6922a63cfbd2,BirdVox-DCASE-20k,1
fee77d90-9052-4134-ad70-ae6179881f91,BirdVox-DCASE-20k,1
fee8c3b8-b4cb-4f32-aa8c-97e3ec0b815b,BirdVox-DCASE-20k,0
fee9082f-7155-46a9-a50b-8324d24b05b5,BirdVox-DCASE-20k,1
feea285f-af8a-4cfb-ac0c-6c581b517188,BirdVox-DCASE-20k,1
feea788e-2636-41d2-a190-b667693f91fa,BirdVox-DCASE-20k,0
feebc902-7588-42bf-aca7-b432dba4268e,BirdVox-DCASE-20k,0
fef1281a-885a-4cb2-a481-59a95bdab2ee,BirdVox-DCASE-20k,1
fef53587-516e-4faa-a7ca-1d9238fcf277,BirdVox-DCASE-20k,1
fef85dbb-0cb2-4353-a2ac-1398e36ad322,BirdVox-DCASE-20k,1
fef92b80-d618-4506-a1f9-ed8023929a60,BirdVox-DCASE-20k,1
feff8200-df56-42b4-ad88-e492914a39a1,BirdVox-DCASE-20k,0
ff02beae-8efa-432d-ab20-3d4d43a38bd4,BirdVox-DCASE-20k,1
ff06fe88-e103-47b6-a2d8-52398ed26b4f,BirdVox-DCASE-20k,0
ff0c1a31-169f-4977-abea-9980212ceb58,BirdVox-DCASE-20k,1
ff0c29b6-fdef-45cd-a6ab-5dff671ae5cd,BirdVox-DCASE-20k,0
ff0cc6e0-6e05-4a57-ad22-e09ea95486d5,BirdVox-DCASE-20k,0
ff1ff565-eed9-4360-a796-08cd6e8614b2,BirdVox-DCASE-20k,1
ff22fb31-66b5-453b-a20c-0affb391c38a,BirdVox-DCASE-20k,1
ff25316b-0cc8-441b-a990-3dc96493d009,BirdVox-DCASE-20k,1
ff258111-d4fc-413f-a5a5-46c482126aeb,BirdVox-DCASE-20k,0
ff28476e-1604-4466-ad97-caea1cde5da4,BirdVox-DCASE-20k,0
ff2852c1-9bad-4984-a438-91ba0b71e2a4,BirdVox-DCASE-20k,1
ff2861d0-aaf9-4a6e-aeb5-5b8e68d730f6,BirdVox-DCASE-20k,1
ff29c56c-6616-4d2a-a43b-143edc4b0f55,BirdVox-DCASE-20k,0
ff2a2d56-e1d8-4873-a7dc-f568d104d7c5,BirdVox-DCASE-20k,0
ff2b7aa1-1697-45d4-a637-5cbc93b7f5cb,BirdVox-DCASE-20k,0
ff2ee657-d27b-4404-a127-9bd43b2496f6,BirdVox-DCASE-20k,1
ff2ef762-7e47-48f1-a6f4-1451af6d5377,BirdVox-DCASE-20k,0
ff31ad72-339b-413e-a774-14e2942eba0a,BirdVox-DCASE-20k,1
ff39aa5a-2f04-453c-a01a-13c0512fabf3,BirdVox-DCASE-20k,1
ff3d3feb-3371-44ad-a3b3-85969c2cd5ab,BirdVox-DCASE-20k,0
ff3e1a89-4667-4746-a4a6-043b01f44c04,BirdVox-DCASE-20k,0
ff42da26-fa91-4150-a199-49b2863420ca,BirdVox-DCASE-20k,1
ff44791e-1370-4c8a-ad8d-eb25a8fe0728,BirdVox-DCASE-20k,1
ff469eb7-16d1-46fd-a291-a7ced9ce5b2f,BirdVox-DCASE-20k,0
ff474c92-1a33-4de6-aac8-73e418317737,BirdVox-DCASE-20k,1
ff4cac55-6902-456f-ac2a-2e1be97447ed,BirdVox-DCASE-20k,1
ff4dc7f9-479c-4e48-a472-61615eb87334,BirdVox-DCASE-20k,1
ff5c2121-ab10-45e8-a3c1-cd5f6d6e1b53,BirdVox-DCASE-20k,1
ff61f5cd-1552-44c0-ae5e-8d622e73433b,BirdVox-DCASE-20k,1
ff627165-2501-4b08-ac58-f1d78e2b5005,BirdVox-DCASE-20k,1
ff6561fc-11fe-4c46-ab65-025dad088a85,BirdVox-DCASE-20k,1
ff6a0b6f-7808-40c1-ab0c-49bf0d5e7ef8,BirdVox-DCASE-20k,1
ff6bf198-20e9-41f1-a17e-7e87d9fb552c,BirdVox-DCASE-20k,0
ff6e0e1d-6e09-4266-a4c7-26d91494bdc0,BirdVox-DCASE-20k,0
ff7529b8-a4a1-4a37-a70f-d2a211560fd9,BirdVox-DCASE-20k,0
ff76290b-6a62-4df1-a276-6b555374e49c,BirdVox-DCASE-20k,0
ff76fb2a-9a2d-4958-aaf8-66ac01a87d7b,BirdVox-DCASE-20k,0
ff770604-426d-4f98-a55c-753e5315e37f,BirdVox-DCASE-20k,0
ff795568-597c-47d1-a145-f3f9e015a5b8,BirdVox-DCASE-20k,1
ff7cbc7a-3c87-4dc6-af09-c50feda0c4e8,BirdVox-DCASE-20k,1
ff8d06d8-80c4-448f-aeda-293d0e04ddf8,BirdVox-DCASE-20k,0
ff8d0b2a-8e4d-4676-abe0-0c1aa2243d3b,BirdVox-DCASE-20k,1
ff8d359a-5410-4e96-a7ba-a85ea7b3a4ca,BirdVox-DCASE-20k,1
ff95d33b-d878-4aaf-a445-0d7ffbd647d4,BirdVox-DCASE-20k,0
ff972ee4-9266-4fce-a1fc-752e2ebbfbf6,BirdVox-DCASE-20k,1
ff978688-a9ec-4c48-a4ce-7bdaad33b645,BirdVox-DCASE-20k,0
ff9810ef-06ed-4d10-ab1c-0a48d04ea2f1,BirdVox-DCASE-20k,0
ff9995fa-2d79-4459-aea7-4eb92548ac75,BirdVox-DCASE-20k,0
ff9a00d3-bfeb-42a4-a710-0a4f6e83768c,BirdVox-DCASE-20k,1
ff9b910c-959f-483e-a353-7ba3945fd580,BirdVox-DCASE-20k,0
ff9b91ce-8646-44fe-a377-63b693649ba3,BirdVox-DCASE-20k,1
ff9d2c12-89ee-45c3-a7c3-e1b7237989ee,BirdVox-DCASE-20k,0
ff9ff801-5671-45fc-af09-56e183fa9c70,BirdVox-DCASE-20k,0
ffa0786c-020d-4c2a-a787-0161fdc49212,BirdVox-DCASE-20k,1
ffa2905a-2d86-424c-ae87-bdd1ee977cb3,BirdVox-DCASE-20k,1
ffaa6e77-bf06-43ce-a4a4-4b89cf768b13,BirdVox-DCASE-20k,1
ffb49f4b-fe33-4177-aa5e-f963c8375272,BirdVox-DCASE-20k,1
ffb6de7b-4178-4315-acad-d70f99f08072,BirdVox-DCASE-20k,1
ffb8dd9d-e3e4-451f-afa9-1d20e88ee14b,BirdVox-DCASE-20k,1
ffc474bf-6fa8-4af7-a327-8c1a93244450,BirdVox-DCASE-20k,1
ffc5e7cb-b8bf-4f36-a355-6d141ee0f382,BirdVox-DCASE-20k,0
ffc7110c-5fb8-4889-a4ad-4666fd19d1aa,BirdVox-DCASE-20k,1
ffc884e7-7618-49bf-aa95-340884f847c9,BirdVox-DCASE-20k,0
ffca72dd-683d-48f2-ae2a-50565d55f4b6,BirdVox-DCASE-20k,1
ffcbd6a2-1f7c-46a7-a023-42654abfc26e,BirdVox-DCASE-20k,0
ffce574e-5863-48f9-a13d-a9feb3ebd7d3,BirdVox-DCASE-20k,0
ffd22681-4fd3-476c-a18b-c1f3a3178d4d,BirdVox-DCASE-20k,0
ffd800c3-596e-4d11-a4b8-330389ad94f6,BirdVox-DCASE-20k,1
ffdc2a62-7844-437a-ad17-9fb39bfc76f3,BirdVox-DCASE-20k,1
ffdfeec9-f45a-4e13-a454-1760c271b365,BirdVox-DCASE-20k,1
ffe5c856-eea3-46c8-a3bc-e2c281d0c9e4,BirdVox-DCASE-20k,0
ffeb302e-45d4-4411-a1d4-185105d3aa39,BirdVox-DCASE-20k,1
fff12db0-9cbe-4155-ac4a-b0b88d84c1d7,BirdVox-DCASE-20k,0
fff78736-b90a-498e-a18d-a27cd3b83578,BirdVox-DCASE-20k,0
fff80e7a-7913-4a58-ab9b-4facffe04e56,BirdVox-DCASE-20k,0
fff847f3-fcfe-43b6-a7c2-85cd84a05cee,BirdVox-DCASE-20k,0
fffda998-2df9-4055-ab82-2e16b95338a7,BirdVox-DCASE-20k,0
64486,ff1010bird,0
2525,ff1010bird,0
44981,ff1010bird,0
101323,ff1010bird,0
165746,ff1010bird,0
38232,ff1010bird,0
104540,ff1010bird,0
157473,ff1010bird,0
132129,ff1010bird,0
127302,ff1010bird,0
24950,ff1010bird,0
39924,ff1010bird,0
19037,ff1010bird,1
86729,ff1010bird,0
92992,ff1010bird,0
69238,ff1010bird,0
102853,ff1010bird,0
124684,ff1010bird,0
81068,ff1010bird,0
123344,ff1010bird,0
102553,ff1010bird,0
70948,ff1010bird,0
55122,ff1010bird,0
104656,ff1010bird,0
124698,ff1010bird,0
79563,ff1010bird,0
77649,ff1010bird,0
146716,ff1010bird,0
146812,ff1010bird,0
141255,ff1010bird,0
192790,ff1010bird,0
91760,ff1010bird,0
71838,ff1010bird,1
132941,ff1010bird,0
97375,ff1010bird,1
63806,ff1010bird,0
38282,ff1010bird,0
44223,ff1010bird,0
72827,ff1010bird,1
157204,ff1010bird,0
50678,ff1010bird,0
148814,ff1010bird,0
166175,ff1010bird,1
87526,ff1010bird,0
54803,ff1010bird,1
43830,ff1010bird,0
156039,ff1010bird,0
89677,ff1010bird,1
7885,ff1010bird,0
17008,ff1010bird,0
65676,ff1010bird,0
137885,ff1010bird,0
42805,ff1010bird,1
28807,ff1010bird,0
194705,ff1010bird,0
127361,ff1010bird,0
69090,ff1010bird,1
94833,ff1010bird,0
77308,ff1010bird,0
155250,ff1010bird,0
43443,ff1010bird,0
40130,ff1010bird,1
146713,ff1010bird,1
67419,ff1010bird,0
109156,ff1010bird,1
32479,ff1010bird,1
160784,ff1010bird,0
126154,ff1010bird,1
46222,ff1010bird,0
123144,ff1010bird,1
147582,ff1010bird,1
107636,ff1010bird,0
32261,ff1010bird,1
155126,ff1010bird,0
79704,ff1010bird,0
54536,ff1010bird,1
47701,ff1010bird,0
193483,ff1010bird,1
113346,ff1010bird,0
191373,ff1010bird,0
37798,ff1010bird,1
146695,ff1010bird,1
43444,ff1010bird,0
147937,ff1010bird,0
23771,ff1010bird,1
140798,ff1010bird,0
44048,ff1010bird,0
173444,ff1010bird,1
86763,ff1010bird,0
60589,ff1010bird,0
192681,ff1010bird,0
80712,ff1010bird,1
172997,ff1010bird,0
65281,ff1010bird,0
45923,ff1010bird,0
78784,ff1010bird,1
156363,ff1010bird,0
41192,ff1010bird,0
34218,ff1010bird,0
188172,ff1010bird,0
38569,ff1010bird,0
11691,ff1010bird,0
127638,ff1010bird,0
33721,ff1010bird,0
48565,ff1010bird,0
185137,ff1010bird,0
100263,ff1010bird,0
17862,ff1010bird,1
63708,ff1010bird,0
183456,ff1010bird,0
148171,ff1010bird,0
63709,ff1010bird,0
41855,ff1010bird,0
131483,ff1010bird,0
158593,ff1010bird,0
56936,ff1010bird,0
155211,ff1010bird,0
60640,ff1010bird,0
167363,ff1010bird,0
15465,ff1010bird,1
78530,ff1010bird,0
48703,ff1010bird,0
56745,ff1010bird,0
63967,ff1010bird,1
36926,ff1010bird,0
120779,ff1010bird,0
108362,ff1010bird,0
80707,ff1010bird,0
127671,ff1010bird,0
126832,ff1010bird,0
164192,ff1010bird,0
146853,ff1010bird,0
157471,ff1010bird,0
162749,ff1010bird,0
150861,ff1010bird,1
162629,ff1010bird,0
179604,ff1010bird,0
104326,ff1010bird,0
111013,ff1010bird,1
41300,ff1010bird,0
165108,ff1010bird,0
169284,ff1010bird,0
19422,ff1010bird,1
141285,ff1010bird,0
49982,ff1010bird,1
92998,ff1010bird,1
56411,ff1010bird,1
179607,ff1010bird,1
152394,ff1010bird,1
139008,ff1010bird,0
155283,ff1010bird,0
39472,ff1010bird,0
57798,ff1010bird,1
165156,ff1010bird,0
127206,ff1010bird,0
156362,ff1010bird,0
91748,ff1010bird,0
194303,ff1010bird,0
167401,ff1010bird,1
69961,ff1010bird,0
157899,ff1010bird,1
121209,ff1010bird,0
130866,ff1010bird,0
161871,ff1010bird,1
104609,ff1010bird,1
71046,ff1010bird,1
31747,ff1010bird,1
76275,ff1010bird,0
56167,ff1010bird,0
167206,ff1010bird,1
37797,ff1010bird,0
19033,ff1010bird,0
131135,ff1010bird,0
17146,ff1010bird,0
118134,ff1010bird,0
121359,ff1010bird,1
118393,ff1010bird,0
105027,ff1010bird,0
82019,ff1010bird,1
56522,ff1010bird,1
151189,ff1010bird,0
50050,ff1010bird,0
133092,ff1010bird,0
81486,ff1010bird,0
171475,ff1010bird,0
59562,ff1010bird,0
86754,ff1010bird,0
117329,ff1010bird,0
70892,ff1010bird,1
54206,ff1010bird,0
73281,ff1010bird,1
172455,ff1010bird,0
146436,ff1010bird,0
61183,ff1010bird,0
95027,ff1010bird,0
80708,ff1010bird,0
168059,ff1010bird,0
164922,ff1010bird,0
80789,ff1010bird,1
104733,ff1010bird,1
40565,ff1010bird,0
